Date,Cap,min,max
2013-04-28,0.0,0.0,0.0
2013-04-29,0.0,0.0,0.0
2013-04-30,0.0,0.0,0.0
2013-05-01,0.0,0.0,0.0
2013-05-02,0.0,0.0,0.0
2013-05-03,0.0,0.0,0.0
2013-05-04,0.0,0.0,0.0
2013-05-05,0.0,0.0,0.0
2013-05-06,0.0,0.0,0.0
2013-05-07,0.0,0.0,0.0
2013-05-08,0.0,0.0,0.0
2013-05-09,0.0,0.0,0.0
2013-05-10,0.0,0.0,0.0
2013-05-11,0.0,0.0,0.0
2013-05-12,0.0,0.0,0.0
2013-05-13,0.0,0.0,0.0
2013-05-14,0.0,0.0,0.0
2013-05-15,0.0,0.0,0.0
2013-05-16,0.0,0.0,0.0
2013-05-17,0.0,0.0,0.0
2013-05-18,0.0,0.0,0.0
2013-05-19,0.0,0.0,0.0
2013-05-20,0.0,0.0,0.0
2013-05-21,0.0,0.0,0.0
2013-05-22,0.0,0.0,0.0
2013-05-23,0.0,0.0,0.0
2013-05-24,0.0,0.0,0.0
2013-05-25,0.0,0.0,0.0
2013-05-26,0.0,0.0,0.0
2013-05-27,0.0,0.0,0.0
2013-05-28,0.0,0.0,0.0
2013-05-29,0.0,0.0,0.0
2013-05-30,0.0,0.0,0.0
2013-05-31,0.0,0.0,0.0
2013-06-01,0.0,0.0,0.0
2013-06-02,0.0,0.0,0.0
2013-06-03,0.0,0.0,0.0
2013-06-04,0.0,0.0,0.0
2013-06-05,0.0,0.0,0.0
2013-06-06,0.0,0.0,0.0
2013-06-07,0.0,0.0,0.0
2013-06-08,0.0,0.0,0.0
2013-06-09,0.0,0.0,0.0
2013-06-10,0.0,0.0,0.0
2013-06-11,0.0,0.0,0.0
2013-06-12,0.0,0.0,0.0
2013-06-13,0.0,0.0,0.0
2013-06-14,0.0,0.0,0.0
2013-06-15,0.0,0.0,0.0
2013-06-16,0.0,0.0,0.0
2013-06-17,0.0,0.0,0.0
2013-06-18,0.0,0.0,0.0
2013-06-19,0.0,0.0,0.0
2013-06-20,0.0,0.0,0.0
2013-06-21,0.0,0.0,0.0
2013-06-22,0.0,0.0,0.0
2013-06-23,0.0,0.0,0.0
2013-06-24,0.0,0.0,0.0
2013-06-25,0.0,0.0,0.0
2013-06-26,0.0,0.0,0.0
2013-06-27,0.0,0.0,0.0
2013-06-28,0.0,0.0,0.0
2013-06-29,0.0,0.0,0.0
2013-06-30,0.0,0.0,0.0
2013-07-01,0.0,0.0,0.0
2013-07-02,0.0,0.0,0.0
2013-07-03,0.0,0.0,0.0
2013-07-04,0.0,0.0,0.0
2013-07-05,0.0,0.0,0.0
2013-07-06,0.0,0.0,0.0
2013-07-07,0.0,0.0,0.0
2013-07-08,0.0,0.0,0.0
2013-07-09,0.0,0.0,0.0
2013-07-10,0.0,0.0,0.0
2013-07-11,0.0,0.0,0.0
2013-07-12,0.0,0.0,0.0
2013-07-13,0.0,0.0,0.0
2013-07-14,0.0,0.0,0.0
2013-07-15,0.0,0.0,0.0
2013-07-16,0.0,0.0,0.0
2013-07-17,0.0,0.0,0.0
2013-07-18,0.0,0.0,0.0
2013-07-19,0.0,0.0,0.0
2013-07-20,0.0,0.0,0.0
2013-07-21,0.0,0.0,0.0
2013-07-22,0.0,0.0,0.0
2013-07-23,0.0,0.0,0.0
2013-07-24,0.0,0.0,0.0
2013-07-25,0.0,0.0,0.0
2013-07-26,0.0,0.0,0.0
2013-07-27,0.0,0.0,0.0
2013-07-28,0.0,0.0,0.0
2013-07-29,0.0,0.0,0.0
2013-07-30,0.0,0.0,0.0
2013-07-31,0.0,0.0,0.0
2013-08-01,0.0,0.0,0.0
2013-08-02,0.0,0.0,0.0
2013-08-03,0.0,0.0,0.0
2013-08-04,0.0,0.0,0.0
2013-08-05,0.0,0.0,0.0
2013-08-06,0.0,0.0,0.0
2013-08-07,0.0,0.0,0.0
2013-08-08,0.0,0.0,0.0
2013-08-09,0.0,0.0,0.0
2013-08-10,0.0,0.0,0.0
2013-08-11,0.0,0.0,0.0
2013-08-12,0.0,0.0,0.0
2013-08-13,0.0,0.0,0.0
2013-08-14,0.0,0.0,0.0
2013-08-15,0.0,0.0,0.0
2013-08-16,0.0,0.0,0.0
2013-08-17,0.0,0.0,0.0
2013-08-18,0.0,0.0,0.0
2013-08-19,0.0,0.0,0.0
2013-08-20,0.0,0.0,0.0
2013-08-21,0.0,0.0,0.0
2013-08-22,0.0,0.0,0.0
2013-08-23,0.0,0.0,0.0
2013-08-24,0.0,0.0,0.0
2013-08-25,0.0,0.0,0.0
2013-08-26,0.0,0.0,0.0
2013-08-27,0.0,0.0,0.0
2013-08-28,0.0,0.0,0.0
2013-08-29,0.0,0.0,0.0
2013-08-30,0.0,0.0,0.0
2013-08-31,0.0,0.0,0.0
2013-09-01,0.0,0.0,0.0
2013-09-02,0.0,0.0,0.0
2013-09-03,0.0,0.0,0.0
2013-09-04,0.0,0.0,0.0
2013-09-05,0.0,0.0,0.0
2013-09-06,0.0,0.0,0.0
2013-09-07,0.0,0.0,0.0
2013-09-08,0.0,0.0,0.0
2013-09-09,0.0,0.0,0.0
2013-09-10,0.0,0.0,0.0
2013-09-11,0.0,0.0,0.0
2013-09-12,0.0,0.0,0.0
2013-09-13,0.0,0.0,0.0
2013-09-14,0.0,0.0,0.0
2013-09-15,0.0,0.0,0.0
2013-09-16,0.0,0.0,0.0
2013-09-17,0.0,0.0,0.0
2013-09-18,0.0,0.0,0.0
2013-09-19,0.0,0.0,0.0
2013-09-20,0.0,0.0,0.0
2013-09-21,0.0,0.0,0.0
2013-09-22,0.0,0.0,0.0
2013-09-23,0.0,0.0,0.0
2013-09-24,0.0,0.0,0.0
2013-09-25,0.0,0.0,0.0
2013-09-26,0.0,0.0,0.0
2013-09-27,0.0,0.0,0.0
2013-09-28,0.0,0.0,0.0
2013-09-29,0.0,0.0,0.0
2013-09-30,0.0,0.0,0.0
2013-10-01,0.0,0.0,0.0
2013-10-02,0.0,0.0,0.0
2013-10-03,0.0,0.0,0.0
2013-10-04,0.0,0.0,0.0
2013-10-05,0.0,0.0,0.0
2013-10-06,0.0,0.0,0.0
2013-10-07,0.0,0.0,0.0
2013-10-08,0.0,0.0,0.0
2013-10-09,0.0,0.0,0.0
2013-10-10,0.0,0.0,0.0
2013-10-11,0.0,0.0,0.0
2013-10-12,0.0,0.0,0.0
2013-10-13,0.0,0.0,0.0
2013-10-14,0.0,0.0,0.0
2013-10-15,0.0,0.0,0.0
2013-10-16,0.0,0.0,0.0
2013-10-17,0.0,0.0,0.0
2013-10-18,0.0,0.0,0.0
2013-10-19,0.0,0.0,0.0
2013-10-20,0.0,0.0,0.0
2013-10-21,0.0,0.0,0.0
2013-10-22,0.0,0.0,0.0
2013-10-23,0.0,0.0,0.0
2013-10-24,0.0,0.0,0.0
2013-10-25,0.0,0.0,0.0
2013-10-26,0.0,0.0,0.0
2013-10-27,0.0,0.0,0.0
2013-10-28,0.0,0.0,0.0
2013-10-29,0.0,0.0,0.0
2013-10-30,0.0,0.0,0.0
2013-10-31,0.0,0.0,0.0
2013-11-01,0.0,0.0,0.0
2013-11-02,0.0,0.0,0.0
2013-11-03,0.0,0.0,0.0
2013-11-04,0.0,0.0,0.0
2013-11-05,0.0,0.0,0.0
2013-11-06,0.0,0.0,0.0
2013-11-07,0.0,0.0,0.0
2013-11-08,0.0,0.0,0.0
2013-11-09,0.0,0.0,0.0
2013-11-10,0.0,0.0,0.0
2013-11-11,0.0,0.0,0.0
2013-11-12,0.0,0.0,0.0
2013-11-13,0.0,0.0,0.0
2013-11-14,0.0,0.0,0.0
2013-11-15,0.0,0.0,0.0
2013-11-16,0.0,0.0,0.0
2013-11-17,0.0,0.0,0.0
2013-11-18,0.0,0.0,0.0
2013-11-19,0.0,0.0,0.0
2013-11-20,0.0,0.0,0.0
2013-11-21,0.0,0.0,0.0
2013-11-22,0.0,0.0,0.0
2013-11-23,0.0,0.0,0.0
2013-11-24,0.0,0.0,0.0
2013-11-25,0.0,0.0,0.0
2013-11-26,0.0,0.0,0.0
2013-11-27,0.0,0.0,0.0
2013-11-28,0.0,0.0,0.0
2013-11-29,0.0,0.0,0.0
2013-11-30,0.0,0.0,0.0
2013-12-01,0.0,0.0,0.0
2013-12-02,0.0,0.0,
2013-12-03,0.0,0.0,
2013-12-04,0.0,0.0,
2013-12-05,0.0,0.0,
2013-12-06,0.0,0.0,
2013-12-07,0.0,0.0,
2013-12-08,0.0,0.0,
2013-12-09,0.0,0.0,
2013-12-10,0.0,0.0,
2013-12-11,0.0,0.0,
2013-12-12,0.0,0.0,
2013-12-13,0.0,0.0,
2013-12-14,0.0,0.0,
2013-12-15,0.0,0.0,
2013-12-16,0.0,0.0,
2013-12-17,0.0,0.0,
2013-12-18,0.0,0.0,
2013-12-19,0.0,0.0,
2013-12-20,0.0,0.0,
2013-12-21,0.0,0.0,
2013-12-22,0.0,0.0,
2013-12-23,0.0,0.0,
2013-12-24,0.0,0.0,
2013-12-25,0.0,0.0,
2013-12-26,0.0,0.0,
2013-12-27,82038157.76690648,,
2013-12-28,48908812.99941236,,
2013-12-29,33589493.16210943,,
2013-12-30,37310338.16601593,,
2013-12-31,31390884.2386016,,
2014-01-01,39029077.99676498,,
2014-01-02,103414819.65206908,,
2014-01-03,80580960.03967275,,
2014-01-04,63307050.11795042,,
2014-01-05,114884001.06445336,,
2014-01-06,156061062.61425778,,156061062.61425778
2014-01-07,136486476.2198488,,
2014-01-08,132625950.63415533,,
2014-01-09,86711227.70169851,,
2014-01-10,46924431.54806517,,
2014-01-11,76186156.54011708,,
2014-01-12,64182125.389099255,,
2014-01-13,67152997.81436169,,
2014-01-14,31244349.73175032,,
2014-01-15,44602234.41003405,,
2014-01-16,29680034.25500474,,
2014-01-17,53615556.07756057,,
2014-01-18,29179304.950361017,,
2014-01-19,38764868.96740733,,
2014-01-20,46365261.39265427,,
2014-01-21,41441390.47808826,,
2014-01-22,40029022.667419285,,
2014-01-23,35047719.99279782,,
2014-01-24,70466499.05229202,,
2014-01-25,47833698.21107292,,
2014-01-26,55824960.98179623,,
2014-01-27,74341207.01483162,,
2014-01-28,68243925.41665645,,
2014-01-29,28530581.574600063,,
2014-01-30,44198981.69012446,,
2014-01-31,25817327.138443016,,
2014-02-01,32549378.16767871,,
2014-02-02,19995778.02668757,19995778.02668757,
2014-02-03,21824637.994814005,,
2014-02-04,28439821.34426878,,
2014-02-05,36547444.19219971,,
2014-02-06,63967241.34155269,,
2014-02-07,138775207.45553595,,
2014-02-08,49750031.95128026,,
2014-02-09,51686607.578211844,,
2014-02-10,153746344.68356317,,
2014-02-11,105665967.2708588,,
2014-02-12,42487036.88958741,,
2014-02-13,64977484.22811904,,
2014-02-14,151519134.9505006,,
2014-02-15,44259662.95788562,,
2014-02-16,56044650.90090929,,
2014-02-17,49003138.27600085,,
2014-02-18,30321703.10646058,,
2014-02-19,26678475.575302176,,
2014-02-20,71629626.16928875,,
2014-02-21,64812380.70344535,,
2014-02-22,43591942.99687208,,
2014-02-23,48181658.68051154,,
2014-02-24,73082499.74957278,,
2014-02-25,165373444.16650376,,165373444.16650376
2014-02-26,84803956.06143178,,
2014-02-27,35415071.034403585,,
2014-02-28,40803462.47810375,,
2014-03-01,28372691.715408098,,
2014-03-02,17642164.488113582,,
2014-03-03,128297957.20684819,,
2014-03-04,117396784.96279915,,
2014-03-05,40462340.27226253,,
2014-03-06,29143861.897811886,,
2014-03-07,45803829.35326574,,
2014-03-08,29133477.70758073,,
2014-03-09,26451697.66892797,,
2014-03-10,30033139.37254082,,
2014-03-11,21337118.830970556,,
2014-03-12,38336231.154023215,,
2014-03-13,19535664.13138849,,
2014-03-14,19099993.248375025,,
2014-03-15,11204459.074775696,11204459.074775696,
2014-03-16,13939980.579979248,,
2014-03-17,25864750.640151914,,
2014-03-18,56811798.465802364,,
2014-03-19,54261494.66366981,,
2014-03-20,41071403.89158252,,
2014-03-21,64229854.411292,,
2014-03-22,27478713.221574884,,
2014-03-23,15755180.079765309,,
2014-03-24,36527626.99885559,,
2014-03-25,24102581.435587343,,
2014-03-26,28446377.018419422,,
2014-03-27,94002186.87496129,,
2014-03-28,84461519.58425894,,
2014-03-29,18010227.13511253,,
2014-03-30,57061026.56742881,,
2014-03-31,39540815.564346425,,
2014-04-01,46213741.257993676,,
2014-04-02,69015405.208992,,
2014-04-03,55160111.73780764,,
2014-04-04,31788717.934001856,,
2014-04-05,18205645.16049367,,
2014-04-06,17393977.45806502,,
2014-04-07,22322958.433725294,,
2014-04-08,16672817.615426417,,
2014-04-09,17678322.473129243,,
2014-04-10,74026663.59698501,,
2014-04-11,84454085.73335263,,
2014-04-12,29898382.775757898,,
2014-04-13,33084467.41807574,,
2014-04-14,74497188.53747526,,
2014-04-15,80418898.86427315,,
2014-04-16,91557816.02015306,,
2014-04-17,55337224.41347587,,
2014-04-18,34927170.91784569,,
2014-04-19,33645659.25375747,,
2014-04-20,24429325.20790334,,
2014-04-21,24010987.001014687,,
2014-04-22,20304920.297057565,,
2014-04-23,16484577.50227856,,
2014-04-24,22507767.584594835,,
2014-04-25,70046843.88238226,,
2014-04-26,19797728.94753084,,
2014-04-27,18335031.75354888,,
2014-04-28,31554176.25745293,,
2014-04-29,23722916.649099424,,
2014-04-30,27158589.13911912,,
2014-05-01,20478810.340505622,,
2014-05-02,16311334.561040992,,
2014-05-03,15314082.011378832,,
2014-05-04,8811338.594211819,,
2014-05-05,13904006.089050293,,
2014-05-06,19121269.670660034,,
2014-05-07,25563525.174123663,,
2014-05-08,15609456.868284272,,
2014-05-09,16597291.491822036,,
2014-05-10,11971160.92414289,,
2014-05-11,17235044.152679086,,
2014-05-12,11900732.451780565,,
2014-05-13,12258567.362287657,,
2014-05-14,15997684.857177945,,
2014-05-15,14623650.657897975,,
2014-05-16,12993766.66205173,,
2014-05-17,8157432.838765215,,
2014-05-18,8093036.255599908,8093036.255599908,
2014-05-19,10976314.096207967,,
2014-05-20,49611507.48186821,,
2014-05-21,21167576.964652315,,
2014-05-22,48826325.83429115,,
2014-05-23,57991329.828344755,,
2014-05-24,22579146.132570393,,
2014-05-25,65110867.376189925,,65110867.376189925
2014-05-26,39188028.677544445,,
2014-05-27,52270754.10293311,,
2014-05-28,35536139.966450684,,
2014-05-29,34636863.82022916,,
2014-05-30,50516983.40581703,,
2014-05-31,29291845.097561125,,
2014-06-01,64931401.37169532,,
2014-06-02,61989017.61359602,,
2014-06-03,53616461.12894786,,
2014-06-04,49291322.68434051,,
2014-06-05,41894666.76293085,,
2014-06-06,27567753.38088208,,
2014-06-07,22855711.447457317,,
2014-06-08,18268964.600636728,,
2014-06-09,28253402.550905257,,
2014-06-10,27816380.88171676,,
2014-06-11,32905858.600249268,,
2014-06-12,59894007.52078822,,
2014-06-13,41815835.11597483,,
2014-06-14,45016175.255231336,,
2014-06-15,28677272.585727617,,
2014-06-16,35570623.10686891,,
2014-06-17,25310685.79765569,,
2014-06-18,26976975.89804308,,
2014-06-19,23597263.82710892,,
2014-06-20,28167072.334049165,,
2014-06-21,15661233.115385175,,
2014-06-22,15877105.90729315,,
2014-06-23,18915352.57470695,,
2014-06-24,19275828.27756692,,
2014-06-25,27392664.03429535,,
2014-06-26,21414019.66476105,,
2014-06-27,27311462.25396345,,
2014-06-28,19961547.986653443,,
2014-06-29,14208827.789225802,,
2014-06-30,56235712.028464265,,
2014-07-01,50206617.94153339,,
2014-07-02,38960675.80689042,,
2014-07-03,26183406.954629563,,
2014-07-04,28801610.46035392,,
2014-07-05,17230226.299132995,,
2014-07-06,15342760.457045827,,
2014-07-07,25773448.529737365,,
2014-07-08,16630914.631934756,,
2014-07-09,16368302.870355748,,
2014-07-10,23217273.859816913,,
2014-07-11,22149351.29806294,,
2014-07-12,21773888.817936227,,
2014-07-13,19317889.623579927,,
2014-07-14,19160652.145718176,,
2014-07-15,15580773.18806038,,
2014-07-16,19435136.634140126,,
2014-07-17,23189053.866328206,,
2014-07-18,20882700.02972802,,
2014-07-19,11949221.30858303,,
2014-07-20,9593132.233547734,9593132.233547734,
2014-07-21,14703770.772243686,,
2014-07-22,14033794.792844752,,
2014-07-23,14788863.949282937,,
2014-07-24,27581656.338469222,,
2014-07-25,18020315.404053263,,
2014-07-26,13964025.819422834,,
2014-07-27,11782754.340821048,,
2014-07-28,24091124.193193387,,
2014-07-29,14948467.274406588,,
2014-07-30,19955427.265956484,,
2014-07-31,29652113.78592279,,
2014-08-01,22871396.80617043,,
2014-08-02,11885562.202605473,,
2014-08-03,13048664.140328452,,
2014-08-04,13607463.833627567,,
2014-08-05,14331445.45732824,,
2014-08-06,18096334.21993639,,
2014-08-07,16887226.295143448,,
2014-08-08,15366021.986582762,,
2014-08-09,13234614.36763959,,
2014-08-10,10839648.389249496,,
2014-08-11,23639867.100852184,,
2014-08-12,22805146.465923592,,
2014-08-13,35912310.727957845,,
2014-08-14,43284642.976777665,,
2014-08-15,29767741.096631207,,
2014-08-16,26479116.787292544,,
2014-08-17,29621760.017525926,,
2014-08-18,61554472.08467577,,
2014-08-19,49701802.124676146,,
2014-08-20,60832445.26278786,,
2014-08-21,63627564.025464766,,63627564.025464766
2014-08-22,47709567.68031541,,
2014-08-23,31615974.46358749,,
2014-08-24,29438913.84457292,,
2014-08-25,29139847.808128603,,
2014-08-26,37008544.74287399,,
2014-08-27,32840985.285974134,,
2014-08-28,27205747.312917277,,
2014-08-29,23746028.78704545,,
2014-08-30,14603642.26304067,,
2014-08-31,54293895.00223103,,
2014-09-01,25152270.9972633,,
2014-09-02,28846809.54810843,,
2014-09-03,17633898.91496726,,
2014-09-04,33361098.818276845,,
2014-09-05,19906133.590784077,,
2014-09-06,16288698.016954863,,
2014-09-07,14141671.712937733,14141671.712937733,
2014-09-08,37578335.1629016,,
2014-09-09,27444790.534680147,,
2014-09-10,31379144.026399076,,
2014-09-11,24373343.366995856,,
2014-09-12,21082488.145204343,,
2014-09-13,22931636.364281546,,
2014-09-14,26008651.151475113,,
2014-09-15,26090165.970539156,,
2014-09-16,25097533.2785244,,
2014-09-17,31985406.563076433,,
2014-09-18,48777313.80980042,,
2014-09-19,46923016.61251386,,
2014-09-20,48167246.14359243,,
2014-09-21,33342903.172264576,,
2014-09-22,28996169.385782458,,
2014-09-23,55628704.03002034,,
2014-09-24,37304419.0091969,,
2014-09-25,34300879.05326847,,
2014-09-26,31300040.19346001,,
2014-09-27,20984002.842679914,,
2014-09-28,29645876.72784125,,
2014-09-29,37025967.81082636,,
2014-09-30,39556455.258168705,,
2014-10-01,30215659.483721554,,
2014-10-02,25808177.41737747,,
2014-10-03,35470191.67420352,,
2014-10-04,56803582.81148943,,
2014-10-05,95934671.62377506,,95934671.62377506
2014-10-06,93905296.97948188,,
2014-10-07,61023746.422562264,,
2014-10-08,64706942.62109949,,
2014-10-09,95800083.97068332,,
2014-10-10,52461571.90092039,,
2014-10-11,19381795.306813687,,
2014-10-12,22112323.523376387,,
2014-10-13,42259559.180755086,,
2014-10-14,49739957.48567748,,
2014-10-15,32855165.54625933,,
2014-10-16,33907410.18294643,,
2014-10-17,20069076.295228023,,
2014-10-18,15874284.183929874,,
2014-10-19,9597997.059744684,9597997.059744684,
2014-10-20,21836563.40580004,,
2014-10-21,18417286.749599446,,
2014-10-22,16722482.84338876,,
2014-10-23,32459120.966770925,,
2014-10-24,21252421.67353754,,
2014-10-25,21952265.96321738,,
2014-10-26,14941730.708323112,,
2014-10-27,17554841.316607304,,
2014-10-28,11750294.020991446,,
2014-10-29,22685878.14621872,,
2014-10-30,34978005.43901886,,
2014-10-31,17012990.29386831,,
2014-11-01,40051978.28142412,,
2014-11-02,12045337.799496474,,
2014-11-03,16533215.465494512,,
2014-11-04,19487483.30982813,,
2014-11-05,24840863.86730482,,
2014-11-06,23254624.469251018,,
2014-11-07,21194816.696292337,,
2014-11-08,11708645.229248324,,
2014-11-09,27920088.678296536,,
2014-11-10,36490836.688861124,,
2014-11-11,20594724.408449583,,
2014-11-12,57902913.60814882,,
2014-11-13,77109839.74329853,,77109839.74329853
2014-11-14,39869811.33102045,,
2014-11-15,21059962.012701966,,
2014-11-16,16131196.442544328,,
2014-11-17,48003839.823109336,,
2014-11-18,38537805.36688059,,
2014-11-19,23673544.772225473,,
2014-11-20,31499011.725105833,,
2014-11-21,35680453.97155215,,
2014-11-22,20163827.019579824,,
2014-11-23,20066452.009028547,,
2014-11-24,37252499.77159614,,
2014-11-25,33279433.862863943,,
2014-11-26,25624109.22325781,,
2014-11-27,18350657.213121645,,
2014-11-28,29148282.512869623,,
2014-11-29,21773147.910923358,,
2014-11-30,14652903.88976944,,
2014-12-01,18197034.362638105,,
2014-12-02,17875432.540693358,,
2014-12-03,17635996.99793626,,
2014-12-04,20502330.969921555,,
2014-12-05,20050416.88450322,,
2014-12-06,11446380.233890066,,
2014-12-07,10422125.174927372,10422125.174927372,
2014-12-08,25063623.68802946,,
2014-12-09,40197194.346298054,,
2014-12-10,20731716.70716344,,
2014-12-11,38008063.4822511,,
2014-12-12,22244230.058014397,,
2014-12-13,16073720.38050131,,
2014-12-14,15466246.532550074,,
2014-12-15,23847772.88522439,,
2014-12-16,44467076.77846514,,
2014-12-17,50712921.15425335,,
2014-12-18,51030613.1370469,,
2014-12-19,38734539.6427871,,
2014-12-20,30155577.964727174,,
2014-12-21,21428167.70133034,,
2014-12-22,30915175.912506994,,
2014-12-23,24252213.98842416,,
2014-12-24,21087809.678471114,,
2014-12-25,14674171.074407287,,
2014-12-26,22887405.37644991,,
2014-12-27,20596653.04801624,,
2014-12-28,16923091.341078117,,
2014-12-29,17719567.224694427,,
2014-12-30,17976253.07653231,,
2014-12-31,19657550.586201,,
2015-01-01,11241320.880408283,,
2015-01-02,12122564.122379448,,
2015-01-03,44329026.85875154,,
2015-01-04,67734205.34520607,,
2015-01-05,60132976.31948024,,
2015-01-06,30182605.2635411,,
2015-01-07,31600111.617966544,,
2015-01-08,26689901.325351693,,
2015-01-09,25035444.84928157,,
2015-01-10,22110478.8448949,,
2015-01-11,22468604.39105068,,
2015-01-12,23251558.819935773,,
2015-01-13,83766061.68586534,,
2015-01-14,110497177.75493108,,
2015-01-15,91413380.27686718,,
2015-01-16,45423379.40918126,,
2015-01-17,26731493.77364412,,
2015-01-18,34701935.74037499,,
2015-01-19,21657632.46935008,,
2015-01-20,27732101.43796448,,
2015-01-21,33942781.58012234,,
2015-01-22,37720821.9228297,,
2015-01-23,28054660.384298407,,
2015-01-24,32208227.01799089,,
2015-01-25,45527491.957467854,,
2015-01-26,123543450.23192608,,123543450.23192608
2015-01-27,52072771.47392982,,
2015-01-28,51560608.016369045,,
2015-01-29,38196495.33937307,,
2015-01-30,30832180.40891543,,
2015-01-31,26388727.961388282,,
2015-02-01,34556580.40800163,,
2015-02-02,35565343.21414791,,
2015-02-03,46010643.860546656,,
2015-02-04,31877246.07388663,,
2015-02-05,29376266.84939876,,
2015-02-06,29545468.766551297,,
2015-02-07,24178824.209447417,,
2015-02-08,20105052.04017695,,
2015-02-09,32463110.98779364,,
2015-02-10,25219357.439537004,,
2015-02-11,20615378.67793415,,
2015-02-12,18138871.95970322,,
2015-02-13,47710337.99515217,,
2015-02-14,54720064.600446686,,
2015-02-15,62548477.27284229,,
2015-02-16,30955957.968393784,,
2015-02-17,30370416.810557596,,
2015-02-18,27693936.869978596,,
2015-02-19,20366139.448992867,,
2015-02-20,26903727.970119897,,
2015-02-21,14037261.725897254,,
2015-02-22,22118823.019120254,,
2015-02-23,18791990.778685547,,
2015-02-24,16827656.105764616,,
2015-02-25,13831973.923431981,13831973.923431981,
2015-02-26,16193299.565535778,,
2015-02-27,48166373.8853635,,
2015-02-28,16224485.47602796,,
2015-03-01,29046396.451743737,,
2015-03-02,44975962.16080406,,
2015-03-03,57519386.66416197,,
2015-03-04,47544164.64543867,,
2015-03-05,47209888.829300076,,
2015-03-06,32305464.417090017,,
2015-03-07,20759310.642252292,,
2015-03-08,24792992.546894986,,
2015-03-09,65120534.23832427,,
2015-03-10,74777445.77636723,,74777445.77636723
2015-03-11,38194469.19826393,,
2015-03-12,36093390.67442115,,
2015-03-13,34696918.48840984,,
2015-03-14,25667112.47670513,,
2015-03-15,13994685.808082366,,
2015-03-16,24506343.81134253,,
2015-03-17,24501254.750182644,,
2015-03-18,62755152.88373111,,
2015-03-19,59417354.46144515,,
2015-03-20,20718446.508881155,,
2015-03-21,20084930.784008123,,
2015-03-22,20733991.35032387,,
2015-03-23,26137122.878930468,,
2015-03-24,44067296.25268693,,
2015-03-25,40936479.35765411,,
2015-03-26,29085995.505876243,,
2015-03-27,19674035.15773483,,
2015-03-28,17830783.961953763,,
2015-03-29,24047251.919514723,,
2015-03-30,26308980.46681872,,
2015-03-31,26212297.21503316,,
2015-04-01,25786302.043572363,,
2015-04-02,28751943.279937293,,
2015-04-03,25838250.964125153,,
2015-04-04,14259941.048616001,,
2015-04-05,21676484.68461305,,
2015-04-06,22344281.488172375,,
2015-04-07,21427236.379709832,,
2015-04-08,33185444.41470305,,
2015-04-09,24526897.29431675,,
2015-04-10,32016200.042368323,,
2015-04-11,18606988.76772427,,
2015-04-12,13854658.64954322,13854658.64954322,
2015-04-13,33879648.15610817,,
2015-04-14,34785299.335045375,,
2015-04-15,24761104.064007975,,
2015-04-16,27030157.294631217,,
2015-04-17,22516099.036275845,,
2015-04-18,14243460.376645122,,
2015-04-19,16656871.364206756,,
2015-04-20,20624754.455540106,,
2015-04-21,27434467.800444663,,
2015-04-22,26400366.30495952,,
2015-04-23,19139064.91952527,,
2015-04-24,23595699.23870051,,
2015-04-25,15589066.23437323,,
2015-04-26,31276424.159077752,,
2015-04-27,41437945.202666655,,41437945.202666655
2015-04-28,23646899.832279656,,
2015-04-29,21359354.82380538,,
2015-04-30,37097358.17467604,,
2015-05-01,21257292.331935354,,
2015-05-02,13910427.151754571,,
2015-05-03,21085479.655206256,,
2015-05-04,23496917.467550997,,
2015-05-05,26093617.687076475,,
2015-05-06,31657119.784609728,,
2015-05-07,33447660.36774916,,
2015-05-08,29687874.092551976,,
2015-05-09,21701845.201908786,,
2015-05-10,17076653.233679425,,
2015-05-11,22744693.35364456,,
2015-05-12,22166662.266915563,,
2015-05-13,30675157.061356634,,
2015-05-14,26834894.235420126,,
2015-05-15,17970482.063220594,,
2015-05-16,12457363.744221264,,
2015-05-17,12411270.625971884,12411270.625971884,
2015-05-18,19335665.18091046,,
2015-05-19,17522262.526424006,,
2015-05-20,17946996.743974492,,
2015-05-21,17930732.04743164,,
2015-05-22,34312702.36595688,,
2015-05-23,19447061.721964348,,
2015-05-24,14513522.635334797,,
2015-05-25,17431811.965586238,,
2015-05-26,19810257.780602038,,
2015-05-27,23262522.216298506,,
2015-05-28,18634610.851357862,,
2015-05-29,20999614.218906123,,
2015-05-30,17471824.00808354,,
2015-05-31,18120912.97191462,,
2015-06-01,30052788.624965373,,
2015-06-02,24008229.321961995,,
2015-06-03,20294278.704861697,,
2015-06-04,16647703.77401966,,
2015-06-05,20494050.403714884,,
2015-06-06,13095904.261274055,,
2015-06-07,15284708.610436482,,
2015-06-08,26261361.823101614,,
2015-06-09,31124150.98119092,,
2015-06-10,18549648.451093808,,
2015-06-11,17873130.62144506,,
2015-06-12,16500405.315971948,,
2015-06-13,17052489.48088884,,
2015-06-14,17517283.43175302,,
2015-06-15,23902111.78743772,,
2015-06-16,56557605.669814356,,
2015-06-17,63393581.90945787,,
2015-06-18,43179283.602181725,,
2015-06-19,35832447.61500073,,
2015-06-20,29172619.387522843,,
2015-06-21,15632261.205349289,,
2015-06-22,22714583.613368794,,
2015-06-23,19386137.59240791,,
2015-06-24,23062545.761979878,,
2015-06-25,22009058.806332886,,
2015-06-26,17539109.62924546,,
2015-06-27,26767614.76303383,,
2015-06-28,19467178.574932586,,
2015-06-29,50334534.86788218,,
2015-06-30,64328695.31313697,,
2015-07-01,36612023.36629045,,
2015-07-02,29504259.35647717,,
2015-07-03,24405470.931499902,,
2015-07-04,20561018.694845837,,
2015-07-05,60441485.76464817,,
2015-07-06,75151796.15452534,,
2015-07-07,45263695.676299624,,
2015-07-08,62799446.25432625,,
2015-07-09,89554502.26811841,,
2015-07-10,173767865.1448148,,173767865.1448148
2015-07-11,63567885.7413824,,
2015-07-12,78233280.1814704,,
2015-07-13,79532509.99599233,,
2015-07-14,36264268.04052596,,
2015-07-15,36908759.59131358,,
2015-07-16,69604157.09786582,,
2015-07-17,38553524.329021476,,
2015-07-18,34876000.36162828,,
2015-07-19,20858480.426702186,,
2015-07-20,28091013.189022776,,
2015-07-21,28725955.920339316,,
2015-07-22,23761211.257417288,,
2015-07-23,21573365.21755223,,
2015-07-24,53803585.923590876,,
2015-07-25,32131864.170366175,,
2015-07-26,24978317.219057336,,
2015-07-27,37197617.2071062,,
2015-07-28,37415085.98020894,,
2015-07-29,32400543.87318535,,
2015-07-30,28226166.070386983,,
2015-07-31,29660481.04389207,,
2015-08-01,26467391.719579834,,
2015-08-02,25733727.478542063,,
2015-08-03,27997567.576252658,,
2015-08-04,27207679.22915097,,
2015-08-05,23738378.11216321,,
2015-08-06,24046333.575285956,,
2015-08-07,68383886.93422963,,
2015-08-08,92757893.56090964,,92757893.56090964
2015-08-09,28196811.372736,,
2015-08-10,24416243.495548528,,
2015-08-11,29929965.631082557,,
2015-08-12,31507516.582005396,,
2015-08-13,31249475.0144981,,
2015-08-14,31333919.729586706,,
2015-08-15,22083565.412040412,,
2015-08-16,34023929.43956482,,
2015-08-17,24878743.116532575,,
2015-08-18,46842955.783298545,,
2015-08-19,68315694.79550442,,
2015-08-20,36157618.42503029,,
2015-08-21,25851306.988363158,,
2015-08-22,25977337.374345373,,
2015-08-23,21132460.055074867,,
2015-08-24,68061040.59700991,,
2015-08-25,74132266.50414005,,
2015-08-26,37225481.86867892,,
2015-08-27,24522135.77871478,,
2015-08-28,36666472.05656348,,
2015-08-29,20123481.79499599,,
2015-08-30,22139819.158472635,,
2015-08-31,23958710.291459583,,
2015-09-01,22805108.997213595,,
2015-09-02,22190615.500342034,,
2015-09-03,20552618.85332925,,
2015-09-04,23318667.490766708,,
2015-09-05,25411076.236656874,,
2015-09-06,31077360.37567795,,
2015-09-07,24609146.576969177,,
2015-09-08,30515171.308638483,,
2015-09-09,27280232.991248876,,
2015-09-10,23703957.959495448,,
2015-09-11,21265545.66930505,,
2015-09-12,20202935.6185492,,
2015-09-13,20478491.071003765,,
2015-09-14,23092939.30110721,,
2015-09-15,21549253.491321716,,
2015-09-16,22743559.864787906,,
2015-09-17,22017994.378385305,,
2015-09-18,23253766.478327155,,
2015-09-19,14876668.166359976,,
2015-09-20,17042805.760791697,,
2015-09-21,22349923.290326994,,
2015-09-22,27963292.662516795,,
2015-09-23,20102578.589780904,,
2015-09-24,27625219.623802643,,
2015-09-25,24344172.849203806,,
2015-09-26,15348616.653610948,,
2015-09-27,15720111.13587258,,
2015-09-28,28666767.78347727,,
2015-09-29,27197967.67235985,,
2015-09-30,22596056.719060037,,
2015-10-01,23274265.87467086,,
2015-10-02,22251579.583218336,,
2015-10-03,18398555.134675365,,
2015-10-04,14737727.563254459,14737727.563254459,
2015-10-05,25954885.953291185,,
2015-10-06,30557126.062002484,,
2015-10-07,25634080.14819737,,
2015-10-08,20829670.481696192,,
2015-10-09,19741336.39066056,,
2015-10-10,17680965.64309541,,
2015-10-11,18718174.83638678,,
2015-10-12,19426747.512056913,,
2015-10-13,31107189.490384102,,
2015-10-14,30619610.35671339,,
2015-10-15,28227209.32204932,,
2015-10-16,38527756.022140846,,
2015-10-17,47035873.78232989,,
2015-10-18,24430288.791438606,,
2015-10-19,27378537.551936015,,
2015-10-20,33108302.926289245,,
2015-10-21,27478041.72044773,,
2015-10-22,40073357.920131385,,
2015-10-23,31472720.216616616,,
2015-10-24,27535214.843179066,,
2015-10-25,48286368.61686773,,
2015-10-26,34175870.991894096,,
2015-10-27,48358770.47478696,,
2015-10-28,53346379.46186398,,
2015-10-29,78008652.49199696,,
2015-10-30,93482108.49610017,,
2015-10-31,55113221.55936737,,
2015-11-01,41906936.832968555,,
2015-11-02,110291760.5205271,,
2015-11-03,228701761.3600384,,
2015-11-04,291836011.0204702,,291836011.0204702
2015-11-05,167851807.54535812,,
2015-11-06,133447572.28115606,,
2015-11-07,60223705.74486274,,
2015-11-08,55223276.95060283,,
2015-11-09,73505579.72293875,,
2015-11-10,102683759.24350506,,
2015-11-11,112034584.5705309,,
2015-11-12,83895328.94271937,,
2015-11-13,55031555.41461363,,
2015-11-14,40464588.43843583,,
2015-11-15,46778874.62507168,,
2015-11-16,50515093.66173602,,
2015-11-17,53530533.39092773,,
2015-11-18,45840767.30017924,,
2015-11-19,47106317.803613506,,
2015-11-20,55629626.35521323,,
2015-11-21,29809283.731859513,,
2015-11-22,25026290.22237377,25026290.22237377,
2015-11-23,29722490.239348426,,
2015-11-24,31637295.999475744,,
2015-11-25,45673614.47186621,,
2015-11-26,116292301.68683484,,
2015-11-27,58817948.580058865,,
2015-11-28,39251342.203852236,,
2015-11-29,44455586.83625342,,
2015-11-30,76417538.42569111,,
2015-12-01,64775598.60833324,,
2015-12-02,57878004.767193414,,
2015-12-03,53608812.7619345,,
2015-12-04,38906234.97443379,,
2015-12-05,70546060.23758717,,
2015-12-06,83685412.42200375,,
2015-12-07,69326106.85527459,,
2015-12-08,64144531.89424573,,
2015-12-09,103174510.48743142,,
2015-12-10,58970234.07662947,,
2015-12-11,120985896.12810011,,
2015-12-12,140923181.45923194,,140923181.45923194
2015-12-13,60857735.09074132,,
2015-12-14,136956033.48541555,,
2015-12-15,94590073.36467715,,
2015-12-16,113951106.70866008,,
2015-12-17,51684710.31524636,,
2015-12-18,64444926.953017,,
2015-12-19,50427354.45456753,,
2015-12-20,79609652.93368405,,
2015-12-21,81344258.84128809,,
2015-12-22,53495034.11713304,,
2015-12-23,50626381.06919452,,
2015-12-24,60841010.58088762,,
2015-12-25,42259262.17236937,,
2015-12-26,121727941.56182928,,
2015-12-27,56853769.209775,,
2015-12-28,52406462.134640425,,
2015-12-29,54781389.444190525,,
2015-12-30,50395419.556663275,,
2015-12-31,49701443.81557179,,
2016-01-01,39814032.46405154,,
2016-01-02,34037721.434253655,34037721.434253655,
2016-01-03,42906825.33822379,,
2016-01-04,42585576.78148063,,
2016-01-05,37543251.59551851,,
2016-01-06,37067896.014728785,,
2016-01-07,93878143.56412558,,
2016-01-08,62626052.38166627,,
2016-01-09,38999248.99355381,,
2016-01-10,39802842.27216719,,
2016-01-11,45365502.092840604,,
2016-01-12,136352434.71032614,,
2016-01-13,186417725.4547574,,186417725.4547574
2016-01-14,50223075.33349436,,
2016-01-15,162609634.9226261,,
2016-01-16,129329046.36789468,,
2016-01-17,49991408.07277874,,
2016-01-18,59505454.09217635,,
2016-01-19,50291259.15945679,,
2016-01-20,129670496.70400007,,
2016-01-21,75490298.49481566,,
2016-01-22,104149424.75551327,,
2016-01-23,66246601.500376746,,
2016-01-24,60001269.69725315,,
2016-01-25,65855417.636650436,,
2016-01-26,81713156.09117486,,
2016-01-27,74804068.35260445,,
2016-01-28,75529010.63773382,,
2016-01-29,96090562.99196132,,
2016-01-30,36215348.7242806,36215348.7242806,
2016-01-31,44520064.37658067,,
2016-02-01,56068350.92196594,,
2016-02-02,43856897.810166374,,
2016-02-03,49485292.95742778,,
2016-02-04,74082261.77534874,,
2016-02-05,48249969.1073903,,
2016-02-06,55007352.411471926,,
2016-02-07,42655036.25009186,,
2016-02-08,50541436.36545224,,
2016-02-09,58626290.97173857,,
2016-02-10,89326401.22175638,,
2016-02-11,80408117.61348525,,
2016-02-12,73691255.20758006,,
2016-02-13,67487134.57685214,,
2016-02-14,81046816.17493948,,
2016-02-15,78997709.10596181,,
2016-02-16,80539447.56387396,,
2016-02-17,91353496.17196165,,
2016-02-18,82259188.82028237,,
2016-02-19,60544467.78946387,,
2016-02-20,100879830.76526296,,
2016-02-21,96673107.6383593,,
2016-02-22,90234289.63638689,,
2016-02-23,91324409.01699916,,
2016-02-24,72649185.3192436,,
2016-02-25,75516177.34986247,,
2016-02-26,66228509.74613574,,
2016-02-27,46731723.7212364,,
2016-02-28,61563794.676374175,,
2016-02-29,65847770.84815137,,
2016-03-01,79665722.93530583,,
2016-03-02,79470701.70720293,,
2016-03-03,108158682.17355649,,
2016-03-04,96807921.42763355,,
2016-03-05,143312233.0255454,,143312233.0255454
2016-03-06,98974373.85091923,,
2016-03-07,93046373.69416063,,
2016-03-08,75774679.22425736,,
2016-03-09,76436186.6087991,,
2016-03-10,94290436.6448332,,
2016-03-11,87128559.26416573,,
2016-03-12,100662876.72406733,,
2016-03-13,81732456.1893348,,
2016-03-14,103649301.72668494,,
2016-03-15,72513367.7506086,,
2016-03-16,71990374.97148001,,
2016-03-17,95422251.1938093,,
2016-03-18,112969340.09028578,,
2016-03-19,63081256.67170864,,
2016-03-20,50055203.72614067,,
2016-03-21,65640647.32056464,,
2016-03-22,72464052.38409084,,
2016-03-23,67696628.60473408,,
2016-03-24,74827177.07837027,,
2016-03-25,58278495.69474584,,
2016-03-26,50301236.07931693,,
2016-03-27,79875728.14965385,,
2016-03-28,75922749.51510297,,
2016-03-29,82317427.77265178,,
2016-03-30,72833310.80134942,,
2016-03-31,65787351.32078574,,
2016-04-01,56670666.12414893,,
2016-04-02,50676281.762922935,,
2016-04-03,41702334.070865616,41702334.070865616,
2016-04-04,54435287.17341719,,
2016-04-05,64539598.87022808,,
2016-04-06,63093790.81901503,,
2016-04-07,62273230.23626075,,
2016-04-08,68039936.18985267,,
2016-04-09,54548740.57502178,,
2016-04-10,80658688.52748571,,
2016-04-11,55674834.03429376,,
2016-04-12,76431690.9576445,,
2016-04-13,75762620.78994547,,
2016-04-14,48706657.03533489,,
2016-04-15,58532653.26948576,,
2016-04-16,42163006.9290569,,
2016-04-17,55298594.55375124,,
2016-04-18,60045400.94137198,,
2016-04-19,56596045.59623484,,
2016-04-20,78662234.60071015,,
2016-04-21,73572317.26598302,,
2016-04-22,63519888.596905895,,
2016-04-23,53783066.19056472,,
2016-04-24,75158418.02997231,,
2016-04-25,97190301.50170736,,
2016-04-26,89367367.47134161,,
2016-04-27,106483744.64982986,,106483744.64982986
2016-04-28,81032430.87951152,,
2016-04-29,56973541.050847895,,
2016-04-30,74238811.68323185,,
2016-05-01,44816636.86083327,,
2016-05-02,97789918.75068596,,
2016-05-03,64087818.45892607,,
2016-05-04,56588932.23298255,,
2016-05-05,54321367.05537348,,
2016-05-06,77209198.07093245,,
2016-05-07,43947433.65006324,,
2016-05-08,43697353.85039637,,
2016-05-09,61104337.24407894,,
2016-05-10,66590098.22129443,,
2016-05-11,55119682.48604894,,
2016-05-12,63850665.50004574,,
2016-05-13,66072259.26032188,,
2016-05-14,41194015.596425675,,
2016-05-15,31862693.742084768,31862693.742084768,
2016-05-16,65385408.374755524,,
2016-05-17,70383786.15599261,,
2016-05-18,91866241.9880625,,
2016-05-19,102342859.25092572,,
2016-05-20,89067345.12098274,,
2016-05-21,46786789.61229487,,
2016-05-22,43261135.33310355,,
2016-05-23,54733386.21210037,,
2016-05-24,70134596.7575932,,
2016-05-25,70254429.41378392,,
2016-05-26,70562046.70758943,,
2016-05-27,179577079.8741917,,
2016-05-28,196730652.69144607,,
2016-05-29,159978177.15675324,,
2016-05-30,94447082.61321224,,
2016-05-31,147795195.18782657,,
2016-06-01,94634050.76404177,,
2016-06-02,64953410.74720589,,
2016-06-03,128801991.49765854,,
2016-06-04,100411601.24997659,,
2016-06-05,73152216.81226698,,
2016-06-06,77753628.14516348,,
2016-06-07,114669829.00795943,,
2016-06-08,86217316.63815017,,
2016-06-09,80933568.44859578,,
2016-06-10,76462223.2125768,,
2016-06-11,94507834.29497339,,
2016-06-12,296553747.9455259,,
2016-06-13,258227613.09087947,,
2016-06-14,210247531.87722197,,
2016-06-15,111689088.14603488,,
2016-06-16,289088783.39581734,,
2016-06-17,382816225.59781003,,382816225.59781003
2016-06-18,268420847.63982454,,
2016-06-19,147715300.39573687,,
2016-06-20,186345341.41848877,,
2016-06-21,331402245.86744446,,
2016-06-22,287933265.1389999,,
2016-06-23,271778904.64723104,,
2016-06-24,241295778.91863784,,
2016-06-25,137771645.4806818,,
2016-06-26,120234055.24762751,,
2016-06-27,130870620.30568433,,
2016-06-28,155204549.25889432,,
2016-06-29,154796566.72814223,,
2016-06-30,148785257.2670644,,
2016-07-01,146278793.81730473,,
2016-07-02,132959989.93571813,,
2016-07-03,140765795.80698836,,
2016-07-04,101819285.04571797,,
2016-07-05,142275870.24446914,,
2016-07-06,144257716.18925884,,
2016-07-07,270878946.0057959,,
2016-07-08,151970690.09229115,,
2016-07-09,190627569.31640622,,
2016-07-10,109381206.76962163,,
2016-07-11,118320693.25385104,,
2016-07-12,149139941.61485064,,
2016-07-13,142148484.93167958,,
2016-07-14,106532677.03693569,,
2016-07-15,88256086.14504103,,
2016-07-16,55621696.521427475,,
2016-07-17,80805744.84009592,,
2016-07-18,74407369.96019082,,
2016-07-19,66623756.2465504,,
2016-07-20,100776449.75604653,,
2016-07-21,67454774.79474066,,
2016-07-22,143110997.90340224,,
2016-07-23,75542907.7847196,,
2016-07-24,123955394.1557261,,
2016-07-25,83331245.17694047,,
2016-07-26,233513553.2942885,,
2016-07-27,153977842.04056826,,
2016-07-28,91525957.09196334,,
2016-07-29,65139120.03246262,,
2016-07-30,42197275.06475258,42197275.06475258,
2016-07-31,115856906.43227501,,
2016-08-01,128436325.34231706,,
2016-08-02,342627738.0026041,,342627738.0026041
2016-08-03,216044500.099685,,
2016-08-04,131935445.8913843,,
2016-08-05,71247466.39298701,,
2016-08-06,88839995.9613221,,
2016-08-07,90411780.26469901,,
2016-08-08,66939621.08280777,,
2016-08-09,99088052.91465943,,
2016-08-10,108980730.66117994,,
2016-08-11,80320425.4927194,,
2016-08-12,81675350.17783295,,
2016-08-13,54902044.60367145,,
2016-08-14,71323168.59808515,,
2016-08-15,67913448.99063917,,
2016-08-16,68410700.46403553,,
2016-08-17,62872958.65417185,,
2016-08-18,67343698.74410823,,
2016-08-19,59814177.003874056,,
2016-08-20,52409679.89588716,,
2016-08-21,43636699.152303055,,
2016-08-22,99047508.39791492,,
2016-08-23,125281042.90080829,,
2016-08-24,72416847.78507632,,
2016-08-25,151379763.83741155,,
2016-08-26,61323563.068917625,,
2016-08-27,79025946.08387016,,
2016-08-28,143499678.76070184,,
2016-08-29,169521110.613458,,
2016-08-30,96798781.95302461,,
2016-08-31,103543725.32279973,,
2016-09-01,95639314.41328515,,
2016-09-02,114216537.80711776,,
2016-09-03,237460514.4321977,,237460514.4321977
2016-09-04,140558370.17550272,,
2016-09-05,117658447.18012492,,
2016-09-06,119212451.18978617,,
2016-09-07,105701473.63978074,,
2016-09-08,117901279.78878807,,
2016-09-09,89901954.25916827,,
2016-09-10,60382006.31234689,,
2016-09-11,96586698.38701575,,
2016-09-12,94161958.22032501,,
2016-09-13,113194142.64220296,,
2016-09-14,60909630.54416746,,
2016-09-15,90189611.48800479,,
2016-09-16,90488472.45457606,,
2016-09-17,48575938.87192974,,
2016-09-18,58763278.048011124,,
2016-09-19,70471155.31762071,,
2016-09-20,91048974.33956097,,
2016-09-21,98759361.83465762,,
2016-09-22,77089335.27358451,,
2016-09-23,62405618.45309356,,
2016-09-24,44585952.35545087,,
2016-09-25,44579941.561739795,44579941.561739795,
2016-09-26,80762958.89760906,,
2016-09-27,62107304.88756801,,
2016-09-28,64064348.85652869,,
2016-09-29,71610317.5687582,,
2016-09-30,75340712.81645101,,
2016-10-01,75284427.83725783,,
2016-10-02,49302633.76909064,,
2016-10-03,55908562.53241266,,
2016-10-04,58276872.22610193,,
2016-10-05,85900991.57614943,,
2016-10-06,68197590.62748723,,
2016-10-07,75354598.19240902,,
2016-10-08,50019393.71420522,,
2016-10-09,49737779.6703946,,
2016-10-10,87074163.79450476,,
2016-10-11,125980292.13081531,,
2016-10-12,105330221.85210371,,
2016-10-13,74683209.45169127,,
2016-10-14,69276623.3217356,,
2016-10-15,47483484.88502754,,
2016-10-16,48747832.150931396,,
2016-10-17,70361698.79713394,,
2016-10-18,78143421.95827363,,
2016-10-19,82732019.29866174,,
2016-10-20,72230686.04989225,,
2016-10-21,68708543.53437296,,
2016-10-22,89852875.29792404,,
2016-10-23,62595981.21623058,,
2016-10-24,70518787.12294456,,
2016-10-25,103017921.92204393,,
2016-10-26,102501602.2048174,,
2016-10-27,112599457.27178366,,
2016-10-28,95798779.34898819,,
2016-10-29,160308699.5750338,,
2016-10-30,115771699.25004306,,
2016-10-31,109620600.05333443,,
2016-11-01,144808651.89669278,,
2016-11-02,95598317.25783964,,
2016-11-03,189883022.3184126,,189883022.3184126
2016-11-04,111388644.74821785,,
2016-11-05,60374191.67515926,,
2016-11-06,66138001.33688354,,
2016-11-07,77843259.7630275,,
2016-11-08,97111942.5286847,,
2016-11-09,149669741.48823518,,
2016-11-10,78752884.47157049,,
2016-11-11,74431854.68344747,,
2016-11-12,81775661.55156037,,
2016-11-13,97707821.61488846,,
2016-11-14,74060948.12883669,,
2016-11-15,84251320.91507812,,
2016-11-16,160618053.4938919,,
2016-11-17,120944705.97486386,,
2016-11-18,98583525.18606128,,
2016-11-19,118552604.36384502,,
2016-11-20,164195952.38759348,,
2016-11-21,68676656.94313559,,
2016-11-22,146705035.7826716,,
2016-11-23,88259864.28937352,,
2016-11-24,97650457.0702874,,
2016-11-25,75540300.19476044,,
2016-11-26,60710925.77328981,,
2016-11-27,59071116.332147904,59071116.332147904,
2016-11-28,69237530.62877674,,
2016-11-29,77279339.5365255,,
2016-11-30,100147088.27621944,,
2016-12-01,91244352.74215834,,
2016-12-02,140792149.3637084,,
2016-12-03,77494458.39684647,,
2016-12-04,68811814.13862316,,
2016-12-05,123755497.84258513,,
2016-12-06,128455233.61673516,,
2016-12-07,109048661.29533704,,
2016-12-08,91065981.61491641,,
2016-12-09,77097440.26681828,,
2016-12-10,61056834.81037702,,
2016-12-11,64365871.04398679,,
2016-12-12,84152382.99879198,,
2016-12-13,90547830.77734928,,
2016-12-14,88207906.82684647,,
2016-12-15,92111429.1894458,,
2016-12-16,94270769.64768183,,
2016-12-17,88522338.99990916,,
2016-12-18,69660657.88416597,,
2016-12-19,84538268.99999079,,
2016-12-20,111079840.11553869,,
2016-12-21,169909869.85478494,,
2016-12-22,217560236.96302947,,
2016-12-23,305279352.0336957,,
2016-12-24,167249348.00244415,,
2016-12-25,165693453.0494295,,
2016-12-26,139697855.96504638,,
2016-12-27,195591994.93279567,,
2016-12-28,268023151.6311021,,
2016-12-29,225947052.65368995,,
2016-12-30,211741943.60861912,,
2016-12-31,118494202.71202803,,
2017-01-01,169392865.35380396,,
2017-01-02,257355278.49030343,,
2017-01-03,220308045.02306587,,
2017-01-04,381794874.0388851,,
2017-01-05,553175607.9070134,,553175607.9070134
2017-01-06,380188731.4691861,,
2017-01-07,310460459.2415227,,
2017-01-08,179426670.39328998,,
2017-01-09,162740360.81293723,,
2017-01-10,140697302.033324,,
2017-01-11,346605288.10122544,,
2017-01-12,254097571.41646183,,
2017-01-13,194449188.8053184,,
2017-01-14,112137096.99187087,,
2017-01-15,96068154.57052432,,
2017-01-16,100954601.7852046,,
2017-01-17,170392573.43449816,,
2017-01-18,238406350.83574378,,
2017-01-19,117997294.90000373,,
2017-01-20,97963510.03198695,,
2017-01-21,120493279.06185953,,
2017-01-22,125211166.28522532,,
2017-01-23,82055710.94651853,,
2017-01-24,121505233.98461154,,
2017-01-25,133129070.42475505,,
2017-01-26,145235310.8509134,,
2017-01-27,139427258.781952,,
2017-01-28,83920609.11261848,,
2017-01-29,72533134.31518911,72533134.31518911,
2017-01-30,97699632.63738811,,
2017-01-31,195267914.50831065,,
2017-02-01,168644063.16220438,,
2017-02-02,159057675.56752768,,
2017-02-03,221244190.75156772,,
2017-02-04,172608951.57858047,,
2017-02-05,127995927.2699366,,
2017-02-06,125025074.77472343,,
2017-02-07,163473374.59706783,,
2017-02-08,216974033.50036255,,
2017-02-09,439356691.6375954,,
2017-02-10,205768338.48695225,,
2017-02-11,111966372.370331,,
2017-02-12,76698613.0985973,,
2017-02-13,112485322.05554095,,
2017-02-14,152733527.36290875,,
2017-02-15,104132354.58871242,,
2017-02-16,137015285.22386602,,
2017-02-17,149126747.24298584,,
2017-02-18,112366929.9473608,,
2017-02-19,90140232.00948153,,
2017-02-20,128279757.45047387,,
2017-02-21,203184347.6019723,,
2017-02-22,148180567.52995846,,
2017-02-23,204244936.76333544,,
2017-02-24,360655863.7237715,,
2017-02-25,156498170.83247247,,
2017-02-26,128232416.6680842,,
2017-02-27,143016557.64767295,,
2017-02-28,206990304.6739968,,
2017-03-01,275818796.6418085,,
2017-03-02,465993191.7115008,,
2017-03-03,370255034.66152626,,
2017-03-04,207273389.30134943,,
2017-03-05,158032684.08063948,,
2017-03-06,182083181.13782036,,
2017-03-07,318270186.1834837,,
2017-03-08,355821206.1570683,,
2017-03-09,244359719.75750008,,
2017-03-10,613708512.0090424,,
2017-03-11,353351791.8403977,,
2017-03-12,301812685.2350693,,
2017-03-13,478248475.2046739,,
2017-03-14,310663406.07528716,,
2017-03-15,397990572.6980874,,
2017-03-16,759361150.1300972,,
2017-03-17,817569313.168176,,
2017-03-18,744107739.6409968,,
2017-03-19,490079900.73530966,,
2017-03-20,337818169.26517254,,
2017-03-21,412906851.6122038,,
2017-03-22,456626673.6333216,,
2017-03-23,294635083.17008877,,
2017-03-24,584660422.1016899,,
2017-03-25,496991267.0059147,,
2017-03-26,351150481.01184976,,
2017-03-27,462251044.05545187,,
2017-03-28,397825080.0511039,,
2017-03-29,350234302.75988054,,
2017-03-30,612611035.6035321,,
2017-03-31,682078668.8160158,,
2017-04-01,413709831.6142845,,
2017-04-02,898814928.7832258,,
2017-04-03,938716611.082424,,
2017-04-04,702885587.224343,,
2017-04-05,729434408.9901496,,
2017-04-06,801975280.561083,,
2017-04-07,479674807.57269734,,
2017-04-08,308562297.6209815,,
2017-04-09,374945026.2730659,,
2017-04-10,344918063.85629237,,
2017-04-11,312926729.0461213,,
2017-04-12,946619798.3703101,,
2017-04-13,484581630.0598108,,
2017-04-14,360395089.6208414,,
2017-04-15,293862540.2896286,,
2017-04-16,256291092.6193727,256291092.6193727,
2017-04-17,411123722.6904998,,
2017-04-18,406108342.09256095,,
2017-04-19,400636863.24944127,,
2017-04-20,433173571.62329483,,
2017-04-21,429752097.18108517,,
2017-04-22,444706295.2479341,,
2017-04-23,489899639.6807943,,
2017-04-24,329220105.3325018,,
2017-04-25,349129857.0026468,,
2017-04-26,455663148.26767397,,
2017-04-27,596309724.1158888,,
2017-04-28,700772760.6346008,,
2017-04-29,663232098.205072,,
2017-04-30,566532061.759687,,
2017-05-01,927366897.995352,,
2017-05-02,603100299.7987355,,
2017-05-03,941632803.1297146,,
2017-05-04,1424517654.9421144,,
2017-05-05,1529780073.8061678,,
2017-05-06,991313436.4215331,,
2017-05-07,1994933329.46149,,
2017-05-08,2292060975.7695274,,
2017-05-09,1887382549.5572994,,
2017-05-10,1602881341.2564144,,
2017-05-11,1267263141.5321438,,
2017-05-12,1139775678.8015912,,
2017-05-13,911597185.4372233,,
2017-05-14,680397749.3338033,,
2017-05-15,1177922680.9304082,,
2017-05-16,1756175866.8783772,,
2017-05-17,1921547307.3384807,,
2017-05-18,1464326093.0899346,,
2017-05-19,1720520234.5700321,,
2017-05-20,1513995124.579577,,
2017-05-21,1806572174.3418522,,
2017-05-22,2879207370.7741175,,
2017-05-23,2113766929.8352094,,
2017-05-24,2482669445.0513105,,
2017-05-25,3654828161.5576735,,
2017-05-26,2716752420.627438,,
2017-05-27,2725932570.562409,,
2017-05-28,1846366257.338107,,
2017-05-29,1469608243.6554117,,
2017-05-30,1958799801.80018,,
2017-05-31,2235928236.5954685,,
2017-06-01,2900035759.915125,,
2017-06-02,2268637041.953124,,
2017-06-03,2418705680.957775,,
2017-06-04,2106475088.117124,,
2017-06-05,2201770995.1853013,,
2017-06-06,2936605641.19801,,
2017-06-07,2273991155.897536,,
2017-06-08,2082619624.1406016,,
2017-06-09,2332158441.3768544,,
2017-06-10,3444990043.918895,,
2017-06-11,3027081563.128212,,
2017-06-12,3725549629.379809,,3725549629.379809
2017-06-13,2525918593.767393,,
2017-06-14,2765661724.767915,,
2017-06-15,2935010135.6198707,,
2017-06-16,2055844728.1922524,,
2017-06-17,3722650097.0276794,,
2017-06-18,2665813680.4811316,,
2017-06-19,3318570638.4226055,,
2017-06-20,3686780923.8337584,,
2017-06-21,2922931611.317124,,
2017-06-22,1967136689.5723932,,
2017-06-23,1802789000.4822888,,
2017-06-24,1905895073.2943904,,
2017-06-25,1971056819.915019,,
2017-06-26,2844244776.1137652,,
2017-06-27,2530597868.906613,,
2017-06-28,1919437397.45825,,
2017-06-29,1535589635.5696275,,
2017-06-30,1359473625.2194493,,
2017-07-01,1228935577.1640713,,
2017-07-02,1383500864.3484917,,
2017-07-03,2024814622.1798887,,
2017-07-04,2363864313.5159116,,
2017-07-05,2035219853.8324203,,
2017-07-06,1517454652.9060826,,
2017-07-07,1765459560.240799,,
2017-07-08,1675678202.8727543,,
2017-07-09,1152924810.2202373,,
2017-07-10,1770055515.6479764,,
2017-07-11,2208105367.1651816,,
2017-07-12,1829115045.5461159,,
2017-07-13,1454472338.1302907,,
2017-07-14,1423065072.10096,,
2017-07-15,1596160068.9179983,,
2017-07-16,1982013640.1357987,,
2017-07-17,1999479217.4242215,,
2017-07-18,2365116408.603019,,
2017-07-19,1810182150.758211,,
2017-07-20,3071951445.9705424,,
2017-07-21,2092118127.359038,,
2017-07-22,1658443137.684076,,
2017-07-23,1826434321.1710203,,
2017-07-24,1326249365.7499774,,
2017-07-25,2120413676.0735233,,
2017-07-26,1334682901.1994123,,
2017-07-27,1040119698.4193735,,
2017-07-28,1760288749.37008,,
2017-07-29,1118846057.138112,,
2017-07-30,913937666.4866295,913937666.4866295,
2017-07-31,1267280077.5090363,,
2017-08-01,1816803043.883136,,
2017-08-02,1421564549.9280071,,
2017-08-03,1057125178.9986618,,
2017-08-04,1334138427.0922816,,
2017-08-05,2546925293.8461347,,
2017-08-06,1508430089.6437633,,
2017-08-07,1830355500.035142,,
2017-08-08,2319188946.7330623,,
2017-08-09,1957512223.3770683,,
2017-08-10,1926812724.7504866,,
2017-08-11,2448899670.5567784,,
2017-08-12,2632445825.1848474,,
2017-08-13,3701553706.563059,,
2017-08-14,2863646210.088014,,
2017-08-15,3801759806.6218433,,
2017-08-16,2674099039.841482,,
2017-08-17,2933166055.2207747,,
2017-08-18,3538236019.1883063,,
2017-08-19,3541751463.0817084,,
2017-08-20,2552256385.1820188,,
2017-08-21,3848530030.358982,,
2017-08-22,5695868257.588737,,
2017-08-23,4878307231.254891,,
2017-08-24,4012645366.093994,,
2017-08-25,2636807273.7883945,,
2017-08-26,2482996860.9073563,,
2017-08-27,2934035698.2568808,,
2017-08-28,3455392428.473553,,
2017-08-29,3324878667.3617654,,
2017-08-30,2664140968.0014906,,
2017-08-31,3335396226.6617227,,
2017-09-01,4898449175.458302,,
2017-09-02,4843761503.775679,,
2017-09-03,3036963090.24612,,
2017-09-04,4440039874.931532,,
2017-09-05,4283896964.382223,,
2017-09-06,3457908089.428164,,
2017-09-07,2692043156.5081367,,
2017-09-08,4160806039.2320356,,
2017-09-09,2054060741.7417092,,
2017-09-10,2506375334.4191327,,
2017-09-11,2289510484.9427743,,
2017-09-12,2674664495.6845965,,
2017-09-13,3041953000.9742785,,
2017-09-14,3898449776.150068,,
2017-09-15,6451580364.845854,,6451580364.845854
2017-09-16,2691957911.47074,,
2017-09-17,1683447395.748597,,
2017-09-18,2670744348.387883,,
2017-09-19,2068151438.8792996,,
2017-09-20,1600818011.2276938,,
2017-09-21,1953772415.6265182,,
2017-09-22,1632097920.2547295,,
2017-09-23,1240079063.404323,,
2017-09-24,1059855743.0604883,1059855743.0604883,
2017-09-25,1779866727.9349012,,
2017-09-26,1433379686.5479653,,
2017-09-27,2327520650.543996,,
2017-09-28,2200050347.756589,,
2017-09-29,1771062124.3334062,,
2017-09-30,1506542874.8671057,,
2017-10-01,1483279903.519053,,
2017-10-02,1739848664.421185,,
2017-10-03,1592832051.9353426,,
2017-10-04,1442890605.1765354,,
2017-10-05,1746447115.4361455,,
2017-10-06,1411912011.8090525,,
2017-10-07,1193129182.107141,,
2017-10-08,2082140510.0507984,,
2017-10-09,2913638789.592091,,
2017-10-10,2193939809.8248076,,
2017-10-11,1543963553.0706978,,
2017-10-12,3590502674.8662677,,
2017-10-13,4702286831.402497,,
2017-10-14,2373458061.9390297,,
2017-10-15,2866005894.3569746,,
2017-10-16,3629049420.478934,,
2017-10-17,2731950210.521157,,
2017-10-18,3245017285.8237824,,
2017-10-19,2440935349.042725,,
2017-10-20,2865153444.6207733,,
2017-10-21,2661194975.771316,,
2017-10-22,2455693668.8645997,,
2017-10-23,2874075151.970699,,
2017-10-24,3433435912.4419804,,
2017-10-25,2355151150.00035,,
2017-10-26,2172716882.2495914,,
2017-10-27,1953294675.479403,,
2017-10-28,1665267726.764473,,
2017-10-29,3361213104.9173236,,
2017-10-30,2088771129.953909,,
2017-10-31,2650152128.163417,,
2017-11-01,3249755851.9393353,,
2017-11-02,5367015836.690259,,
2017-11-03,4106667212.8425736,,
2017-11-04,2808630788.3868804,,
2017-11-05,2671008924.775602,,
2017-11-06,3630732048.7683277,,
2017-11-07,3115648295.5745807,,
2017-11-08,5448318227.011267,,
2017-11-09,3990304440.8076644,,
2017-11-10,5954028015.824117,,
2017-11-11,5591757234.635524,,
2017-11-12,10242252026.829016,,
2017-11-13,7148524614.700946,,
2017-11-14,3757342722.3724256,,
2017-11-15,4760450946.363202,,
2017-11-16,6840740627.966481,,
2017-11-17,5620150678.14902,,
2017-11-18,4258523203.79401,,
2017-11-19,3785504351.0915804,,
2017-11-20,4178192920.9880223,,
2017-11-21,5191781362.942903,,
2017-11-22,4683060576.501325,,
2017-11-23,5193554306.595967,,
2017-11-24,5864767105.450982,,
2017-11-25,5522245748.863727,,
2017-11-26,6571858796.859263,,
2017-11-27,6839094124.32269,,
2017-11-28,8205619061.69586,,
2017-11-29,13961267587.099583,,
2017-11-30,9892959273.874956,,
2017-12-01,8192250692.54809,,
2017-12-02,6351150681.609223,,
2017-12-03,7871546922.031184,,
2017-12-04,7186495001.063735,,
2017-12-05,8518360767.270735,,
2017-12-06,15614538668.378302,,
2017-12-07,20529571201.143677,,
2017-12-08,24559995548.722458,,
2017-12-09,17330721475.450375,,
2017-12-10,15529504184.035143,,
2017-12-11,16030562519.288704,,
2017-12-12,24242134426.325054,,
2017-12-13,20229233832.840477,,
2017-12-14,23586530652.797207,,
2017-12-15,21207558501.230522,,
2017-12-16,16802771203.64014,,
2017-12-17,18318066096.817703,,
2017-12-18,19883181310.654907,,
2017-12-19,22438200629.97204,,
2017-12-20,28888809012.012005,,
2017-12-21,24274552777.21973,,
2017-12-22,32271262627.00158,,
2017-12-23,18944340203.113407,,
2017-12-24,15463396419.989826,,
2017-12-25,14060577447.542856,,
2017-12-26,17541120575.017845,,
2017-12-27,18124287601.891834,,
2017-12-28,19765055186.813667,,
2017-12-29,23712922578.464214,,
2017-12-30,25256519574.426956,,
2017-12-31,19571672947.43212,,
2018-01-01,15056069663.866611,,
2018-01-02,23620199425.956768,,
2018-01-03,29709525678.350197,,
2018-01-04,36354144290.99069,,36354144290.99069
2018-01-05,34613312890.81108,,
2018-01-06,25802679338.76883,,
2018-01-07,21374340290.901455,,
2018-01-08,24878422775.62227,,
2018-01-09,23674832194.80961,,
2018-01-10,26172988196.70048,,
2018-01-11,25381460582.37062,,
2018-01-12,17462149600.059834,,
2018-01-13,16984679199.145502,,
2018-01-14,14899740465.99939,,
2018-01-15,16522523124.357521,,
2018-01-16,27761064916.255,,
2018-01-17,29081504798.165806,,
2018-01-18,26525682145.9427,,
2018-01-19,16024147895.45245,,
2018-01-20,15827084958.711926,,
2018-01-21,14159978109.229742,,
2018-01-22,14832940637.963785,,
2018-01-23,13864710821.357838,,
2018-01-24,13369836734.05093,,
2018-01-25,11389486591.136969,,
2018-01-26,13481468817.06115,,
2018-01-27,9359990530.162495,,
2018-01-28,10763006882.247396,,
2018-01-29,9019566919.036175,,
2018-01-30,10889415154.164326,,
2018-01-31,10370606788.69418,,
2018-02-01,12536328782.756618,,
2018-02-02,18097366081.707,,
2018-02-03,10583893796.464727,,
2018-02-04,9807707065.02683,,
2018-02-05,12232929979.08989,,
2018-02-06,18663528481.02134,,
2018-02-07,11718934093.821857,,
2018-02-08,11677301537.355429,,
2018-02-09,9709337933.536428,,
2018-02-10,13708849960.814589,,
2018-02-11,9605404652.29079,,
2018-02-12,8904443595.758104,,
2018-02-13,7570865402.062554,,
2018-02-14,12413695892.672499,,
2018-02-15,12892128074.670183,,
2018-02-16,9600188456.392765,,
2018-02-17,11602683841.399096,,
2018-02-18,11379392045.323446,,
2018-02-19,9415718583.06606,,
2018-02-20,13217708659.63907,,
2018-02-21,12189234248.022766,,
2018-02-22,10386816056.265816,,
2018-02-23,10129276719.929117,,
2018-02-24,8710432983.172344,,
2018-02-25,7433692868.039176,,
2018-02-26,9351305124.959467,,
2018-02-27,8462121218.324695,,
2018-02-28,8380877750.12332,,
2018-03-01,8978273491.535734,,
2018-03-02,9091663523.626616,,
2018-03-03,8268289514.525053,,
2018-03-04,7967375702.251106,,
2018-03-05,9291469041.873991,,
2018-03-06,8784684792.689734,,
2018-03-07,11157376003.827751,,
2018-03-08,8814180434.7357,,
2018-03-09,11158382014.168499,,
2018-03-10,6716035899.536812,,
2018-03-11,7748890186.480221,,
2018-03-12,7670447258.734843,,
2018-03-13,7024703553.520115,,
2018-03-14,7832755235.208286,,
2018-03-15,8677341677.738655,,
2018-03-16,6526479807.146975,,
2018-03-17,5414874222.085891,,
2018-03-18,8561251650.431627,,
2018-03-19,8718567159.819784,,
2018-03-20,8024563903.924785,,
2018-03-21,7381492143.64993,,
2018-03-22,6693157881.808324,,
2018-03-23,6995229364.80312,,
2018-03-24,6664840015.701413,,
2018-03-25,5294651362.75972,,
2018-03-26,7034005212.280116,,
2018-03-27,6529517110.064449,,
2018-03-28,5816093495.807701,,
2018-03-29,7552010585.694449,,
2018-03-30,7503139148.310718,,
2018-03-31,5382062268.361858,,
2018-04-01,5372045078.756023,,
2018-04-02,5165544360.754635,,
2018-04-03,7124354032.932351,,
2018-04-04,6145897476.569588,,
2018-04-05,6706489450.587673,,
2018-04-06,4477845727.997439,,
2018-04-07,4680374327.951819,,
2018-04-08,4325221287.163579,4325221287.163579,
2018-04-09,5851092827.435161,,
2018-04-10,5320791667.458765,,
2018-04-11,5717386288.942126,,
2018-04-12,11436789006.021221,,
2018-04-13,10056090531.898956,,
2018-04-14,6505496836.360833,,
2018-04-15,6693850188.349865,,
2018-04-16,7028478466.599185,,
2018-04-17,9584196112.37879,,
2018-04-18,8695100485.962044,,
2018-04-19,9385313513.093063,,
2018-04-20,12070266526.846348,,
2018-04-21,10202068959.244982,,
2018-04-22,8458290403.594173,,
2018-04-23,8494199942.613257,,
2018-04-24,13653513912.507015,,
2018-04-25,14081658477.196722,,14081658477.196722
2018-04-26,11233370213.29815,,
2018-04-27,9382551486.0465,,
2018-04-28,9483784793.125511,,
2018-04-29,10798731185.91449,,
2018-04-30,10372572066.536736,,
2018-05-01,9545448634.221333,,
2018-05-02,9169928351.400145,,
2018-05-03,12367276178.277834,,
2018-05-04,10409595078.404558,,
2018-05-05,9515647571.997774,,
2018-05-06,8950176258.99203,,
2018-05-07,8988665294.037897,,
2018-05-08,9371500105.092466,,
2018-05-09,8767689375.467154,,
2018-05-10,8233545509.385067,,
2018-05-11,10640556679.865017,,
2018-05-12,8278721210.553295,,
2018-05-13,7246394124.305365,,
2018-05-14,9116358784.866459,,
2018-05-15,8056541333.858664,,
2018-05-16,7985671205.835947,,
2018-05-17,6984888660.954227,,
2018-05-18,6843845340.487156,,
2018-05-19,5543566446.386032,,
2018-05-20,6097043517.707963,,
2018-05-21,6002969900.205801,,
2018-05-22,5992897514.932608,,
2018-05-23,7708213398.587343,,
2018-05-24,7170263733.94796,,
2018-05-25,5701311185.608397,,
2018-05-26,4763191435.151769,,
2018-05-27,4741640543.528387,,
2018-05-28,5938586647.340024,,
2018-05-29,6742048339.983191,,
2018-05-30,5814193555.861754,,
2018-05-31,6001120332.271635,,
2018-06-01,5743477129.571647,,
2018-06-02,5842515906.243569,,
2018-06-03,5810812545.741648,,
2018-06-04,6140992921.691293,,
2018-06-05,5924714218.106991,,
2018-06-06,5562643647.243529,,
2018-06-07,5337811123.218728,,
2018-06-08,4964239626.599419,,
2018-06-09,4486386263.769568,,
2018-06-10,7001187211.775161,,
2018-06-11,5662342929.706188,,
2018-06-12,5538578233.201713,,
2018-06-13,6083895171.458405,,
2018-06-14,6207441811.302384,,
2018-06-15,4777752717.198682,,
2018-06-16,3906722083.47325,,
2018-06-17,3749552342.609477,3749552342.609477,
2018-06-18,4879130255.16154,,
2018-06-19,4878789850.92238,,
2018-06-20,4645542471.44468,,
2018-06-21,4169789687.8253336,,
2018-06-22,6118976967.650839,,
2018-06-23,4256248631.1204166,,
2018-06-24,5678247503.099729,,
2018-06-25,6465047543.869373,,
2018-06-26,4022940277.014878,,
2018-06-27,4065949408.015939,,
2018-06-28,4248516293.4471292,,
2018-06-29,4860747011.389629,,
2018-06-30,5425577316.587184,,
2018-07-01,5747372840.170505,,
2018-07-02,5390728291.365069,,
2018-07-03,6062674378.729643,,
2018-07-04,5200411884.213835,,
2018-07-05,5969668139.134228,,
2018-07-06,5171658699.181394,,
2018-07-07,4700432227.689267,,
2018-07-08,4166278132.2109427,,
2018-07-09,4511939390.569345,,
2018-07-10,4953977088.31586,,
2018-07-11,4509864639.616373,,
2018-07-12,4586907807.053119,,
2018-07-13,4625502730.269361,,
2018-07-14,3493702641.0539303,3493702641.0539303,
2018-07-15,3948365725.690671,,
2018-07-16,5648680126.72951,,
2018-07-17,7092163579.282545,,
2018-07-18,7528553888.502445,,
2018-07-19,6287909124.465752,,
2018-07-20,5949548700.381517,,
2018-07-21,4474442574.102358,,
2018-07-22,4450662816.732728,,
2018-07-23,6015017459.793912,,
2018-07-24,8395777529.314746,,8395777529.314746
2018-07-25,6915008633.33939,,
2018-07-26,5811612528.216912,,
2018-07-27,6115841456.089748,,
2018-07-28,4691431605.300181,,
2018-07-29,4802468967.806084,,
2018-07-30,6688055703.37385,,
2018-07-31,6187567291.11294,,
2018-08-01,5700873672.07657,,
2018-08-02,4963873936.07321,,
2018-08-03,5551673679.23474,,
2018-08-04,5015156004.20267,,
2018-08-05,4425087362.527388,,
2018-08-06,4778272187.528107,,
2018-08-07,5534851741.144638,,
2018-08-08,6102816653.84121,,
2018-08-09,5161828544.887749,,
2018-08-10,5334704326.928633,,
2018-08-11,4880854064.029407,,
2018-08-12,6349896785.776426,,
2018-08-13,4843480123.852579,,
2018-08-14,6153052526.547297,,
2018-08-15,5807126337.453834,,
2018-08-16,5007751745.482065,,
2018-08-17,6132787963.737966,,
2018-08-18,4987596188.5524645,,
2018-08-19,4197225363.911549,,
2018-08-20,4456311120.26328,,
2018-08-21,4078196853.766097,,
2018-08-22,5505159436.409024,,
2018-08-23,4149245076.2771544,,
2018-08-24,4901076351.56373,,
2018-08-25,4051433588.270478,,
2018-08-26,3977969314.1913366,,
2018-08-27,4958763375.414698,,
2018-08-28,5701624416.838545,,
2018-08-29,4959864360.857669,,
2018-08-30,5416478539.306651,,
2018-08-31,5530637800.227831,,
2018-09-01,5314970509.26579,,
2018-09-02,5379016218.149613,,
2018-09-03,4923422692.035501,,
2018-09-04,5180595132.207164,,
2018-09-05,6985579399.801555,,
2018-09-06,6606137946.270446,,
2018-09-07,5133295100.3201065,,
2018-09-08,4670449918.950274,,
2018-09-09,4501081655.799907,,
2018-09-10,4572952167.665234,,
2018-09-11,4712675530.478183,,
2018-09-12,5106916605.349323,,
2018-09-13,5194427283.598602,,
2018-09-14,5081694831.060632,,
2018-09-15,3975761180.8414702,3975761180.8414702,
2018-09-16,4151574181.21555,,
2018-09-17,4783068138.884181,,
2018-09-18,5510905306.310258,,
2018-09-19,5547946628.76475,,
2018-09-20,6308450192.457796,,
2018-09-21,11569387860.723862,,11569387860.723862
2018-09-22,7570874868.23054,,
2018-09-23,6141067094.761539,,
2018-09-24,5910115857.51853,,
2018-09-25,7085134266.562721,,
2018-09-26,6894803030.337297,,
2018-09-27,6437276883.683054,,
2018-09-28,6573632356.536776,,
2018-09-29,6195344002.49114,,
2018-09-30,6235343488.280033,,
2018-10-01,6421420596.51122,,
2018-10-02,5533470380.995313,,
2018-10-03,5555927016.796575,,
2018-10-04,5225771708.78112,,
2018-10-05,4954376673.528808,,
2018-10-06,4682890258.737785,,
2018-10-07,4591838804.420994,,
2018-10-08,5220924144.679387,,
2018-10-09,4601677731.902151,,
2018-10-10,5070368627.679918,,
2018-10-11,6644433281.791714,,
2018-10-12,5189333368.47033,,
2018-10-13,3882137659.66866,,
2018-10-14,3853610180.50943,3853610180.50943,
2018-10-15,9188169338.6976,,
2018-10-16,5266350672.020637,,
2018-10-17,5236007064.333381,,
2018-10-18,5007686755.264065,,
2018-10-19,4434769763.027665,,
2018-10-20,4180882934.957996,,
2018-10-21,4027574825.5271177,,
2018-10-22,4390062545.811105,,
2018-10-23,4714363460.015659,,
2018-10-24,4289763646.1571,,
2018-10-25,4016740635.392335,,
2018-10-26,4116494745.757318,,
2018-10-27,4223845671.274147,,
2018-10-28,4262212575.48365,,
2018-10-29,5180240092.694715,,
2018-10-30,4581439065.857806,,
2018-10-31,5233392299.920962,,
2018-11-01,4728674754.527302,,
2018-11-02,5306487586.710336,,
2018-11-03,4481181323.07333,,
2018-11-04,5570712873.085851,,
2018-11-05,5399473853.953372,,
2018-11-06,6745185622.7798,,
2018-11-07,6289307661.984361,,
2018-11-08,6005983132.798792,,
2018-11-09,5593137877.971622,,
2018-11-10,4788389967.58408,,
2018-11-11,5131402669.157564,,
2018-11-12,5648556043.937113,,
2018-11-13,5670894059.303149,,
2018-11-14,9338277333.645947,,
2018-11-15,8993498052.130222,,
2018-11-16,6657555206.177691,,
2018-11-17,5619951011.6044445,,
2018-11-18,5709174383.314912,,
2018-11-19,9311160021.223331,,
2018-11-20,10963400098.978745,,10963400098.978745
2018-11-21,7842461550.641248,,
2018-11-22,5778918562.359598,,
2018-11-23,6485571637.120217,,
2018-11-24,6005214225.406432,,
2018-11-25,9121046437.284103,,
2018-11-26,8315576275.945411,,
2018-11-27,7356220613.253779,,
2018-11-28,9020251459.116983,,
2018-11-29,7961904821.518653,,
2018-11-30,7326588928.04313,,
2018-12-01,6526897825.209174,,
2018-12-02,6324319857.196559,,
2018-12-03,6242802711.395572,,
2018-12-04,6182407735.437985,,
2018-12-05,6434899053.631198,,
2018-12-06,7259994183.020308,,
2018-12-07,8459796641.281742,,
2018-12-08,6660149996.5404825,,
2018-12-09,6271600482.000648,,
2018-12-10,6133736394.560403,,
2018-12-11,5891172427.875941,,
2018-12-12,5125304064.630891,,
2018-12-13,5200890387.343268,,
2018-12-14,5241664979.015876,,
2018-12-15,4372827930.650911,4372827930.650911,
2018-12-16,4712747785.741598,,
2018-12-17,7006434697.162363,,
2018-12-18,7471059472.313188,,
2018-12-19,8726657311.224495,,
2018-12-20,11144575193.206942,,11144575193.206942
2018-12-21,8867789956.601933,,
2018-12-22,6871432311.883633,,
2018-12-23,7679339152.03662,,
2018-12-24,9905233944.159956,,
2018-12-25,7944482894.457371,,
2018-12-26,6792344631.030243,,
2018-12-27,6441257345.492705,,
2018-12-28,7207943927.12205,,
2018-12-29,6281765475.382363,,
2018-12-30,5925011805.992065,,
2018-12-31,5811171322.446853,,
2019-01-01,5398195491.583363,,
2019-01-02,6492466443.55917,,
2019-01-03,5587809165.534234,,
2019-01-04,5931200719.612228,,
2019-01-05,6510908955.354923,,
2019-01-06,7180368852.894853,,
2019-01-07,6604945764.853224,,
2019-01-08,6729958445.421716,,
2019-01-09,6356869195.24391,,
2019-01-10,8786794406.9439,,
2019-01-11,6983219794.496129,,
2019-01-12,5951152455.169737,,
2019-01-13,6021067834.87499,,
2019-01-14,7115557128.437312,,
2019-01-15,6839304983.973514,,
2019-01-16,6702740840.989661,,
2019-01-17,6857251680.123634,,
2019-01-18,6303249452.414097,,
2019-01-19,7336163836.926003,,
2019-01-20,7039645840.8008795,,
2019-01-21,6265892543.802065,,
2019-01-22,6688057987.45349,,
2019-01-23,6783853260.703566,,
2019-01-24,6587466670.942626,,
2019-01-25,6646555256.699877,,
2019-01-26,6521718879.837267,,
2019-01-27,6993098095.853489,,
2019-01-28,9488015920.516766,,
2019-01-29,7491070090.517192,,
2019-01-30,7830169456.626881,,
2019-01-31,7629848653.587597,,
2019-02-01,7220800221.113669,,
2019-02-02,6710576792.03146,,
2019-02-03,6657780927.471259,,
2019-02-04,6817925530.509192,,
2019-02-05,6696509843.061539,,
2019-02-06,7120050055.124621,,
2019-02-07,6394764198.843714,,
2019-02-08,10585979029.427086,,
2019-02-09,8525753450.457011,,
2019-02-10,8610085227.17263,,
2019-02-11,8506449082.090112,,
2019-02-12,8578905049.755165,,
2019-02-13,8501133141.800912,,
2019-02-14,8227999258.396684,,
2019-02-15,8074436744.5951,,
2019-02-16,7785114487.441351,,
2019-02-17,9066746311.438807,,
2019-02-18,12895623965.425974,,
2019-02-19,13145066929.029062,,
2019-02-20,11637165485.165848,,
2019-02-21,10195794439.452442,,
2019-02-22,10096693096.859623,,
2019-02-23,11394077048.709078,,
2019-02-24,14224526395.399662,,
2019-02-25,12126845251.043852,,
2019-02-26,10407724165.455893,,
2019-02-27,10620397371.09359,,
2019-02-28,10790451220.535063,,
2019-03-01,10049595371.90167,,
2019-03-02,9866407450.318228,,
2019-03-03,9415197457.154043,,
2019-03-04,11481650632.403015,,
2019-03-05,13591674839.066572,,
2019-03-06,12470770049.488321,,
2019-03-07,13268993067.130188,,
2019-03-08,13864049668.483284,,
2019-03-09,14260423498.310404,,
2019-03-10,12716178802.860151,,
2019-03-11,13300360821.109125,,
2019-03-12,12708945206.120314,,
2019-03-13,12383665534.965744,,
2019-03-14,13436652339.48582,,
2019-03-15,12412423399.204557,,
2019-03-16,13318772025.627657,,
2019-03-17,10933704193.527243,,
2019-03-18,13035563117.742939,,
2019-03-19,12600853166.259241,,
2019-03-20,13745209700.494616,,
2019-03-21,14277640142.713789,,
2019-03-22,12354072588.093628,,
2019-03-23,12847194761.107454,,
2019-03-24,12493395456.832197,,
2019-03-25,13987619609.640879,,
2019-03-26,14228995204.432856,,
2019-03-27,14715593608.869934,,
2019-03-28,12558733997.210375,,
2019-03-29,14520379392.366302,,
2019-03-30,13165423404.41552,,
2019-03-31,12129601697.282478,,
2019-04-01,13615294272.099934,,
2019-04-02,29501049337.474712,,
2019-04-03,33156527666.297108,,33156527666.297108
2019-04-04,25221073422.159676,,
2019-04-05,23780555239.50562,,
2019-04-06,23128669844.155037,,
2019-04-07,22416011097.06624,,
2019-04-08,23102844288.88849,,
2019-04-09,19416039191.572823,,
2019-04-10,20443160901.498817,,
2019-04-11,22676072944.77878,,
2019-04-12,18442975423.942764,,
2019-04-13,14911955698.271072,,
2019-04-14,14173968511.459368,,
2019-04-15,16757132571.978186,,
2019-04-16,15366969172.52798,,
2019-04-17,16457808587.853971,,
2019-04-18,17829807629.863564,,
2019-04-19,18213509634.951878,,
2019-04-20,17296655335.91303,,
2019-04-21,18526671067.775402,,
2019-04-22,19194074065.81993,,
2019-04-23,20884705701.47246,,
2019-04-24,22951345310.118248,,
2019-04-25,20248398785.212166,,
2019-04-26,21999599415.274418,,
2019-04-27,16632887806.75235,,
2019-04-28,16534870360.714602,,
2019-04-29,17806691473.641014,,
2019-04-30,18846240247.547127,,
2019-05-01,18115617556.764668,,
2019-05-02,19132388148.958294,,
2019-05-03,24658116980.664837,,
2019-05-04,23046804565.149895,,
2019-05-05,18938095918.839832,,
2019-05-06,20503792847.672916,,
2019-05-07,23056593040.375298,,
2019-05-08,19485299866.839745,,
2019-05-09,20832052882.180717,,
2019-05-10,24360753879.646645,,
2019-05-11,37907539220.39105,,
2019-05-12,36633572438.53445,,
2019-05-13,36656687698.102615,,
2019-05-14,44630839583.823875,,
2019-05-15,39723237193.04121,,
2019-05-16,46501754225.66519,,46501754225.66519
2019-05-17,40648555228.69038,,
2019-05-18,27724893406.339985,,
2019-05-19,34397235289.83401,,
2019-05-20,31212418040.049683,,
2019-05-21,31385055671.341244,,
2019-05-22,31743457349.778545,,
2019-05-23,30684746415.371105,,
2019-05-24,34535343907.471634,,
2019-05-25,29225595099.871174,,
2019-05-26,35534791694.29179,,
2019-05-27,39295031740.57247,,
2019-05-28,33099483938.268173,,
2019-05-29,31548386289.468113,,
2019-05-30,39642263782.14579,,
2019-05-31,33337849626.86254,,
2019-06-01,29692759274.633495,,
2019-06-02,26721346432.034077,,
2019-06-03,29795513595.49083,,
2019-06-04,33041990037.313705,,
2019-06-05,28512964395.04998,,
2019-06-06,26913838464.257797,,
2019-06-07,27245313516.389034,,
2019-06-08,23616122302.300343,,
2019-06-09,23689582693.32702,,
2019-06-10,26825065073.23171,,
2019-06-11,24866973201.850086,,
2019-06-12,27443219691.33328,,
2019-06-13,26149987675.27915,,
2019-06-14,26703396840.12871,,
2019-06-15,25198094363.8449,,
2019-06-16,31096430933.11121,,
2019-06-17,21913330411.825798,21913330411.825798,
2019-06-18,22613512166.3758,,
2019-06-19,22004589774.141327,,
2019-06-20,24015382831.620884,,
2019-06-21,27802487740.519142,,
2019-06-22,41127242645.58706,,
2019-06-23,28557518503.860226,,
2019-06-24,26110167879.107437,,
2019-06-25,32841896952.055954,,
2019-06-26,57186108163.802,,57186108163.802
2019-06-27,51228233825.566666,,
2019-06-28,43457637656.33443,,
2019-06-29,38906601910.643814,,
2019-06-30,35812532555.31911,,
2019-07-01,37642801414.69376,,
2019-07-02,38998309007.60093,,
2019-07-03,38241185691.82493,,
