"","Date","Open","High","Low","Close","Vol","Cap"
"1","Sep 23, 2016","0.0241145994514","0.0241851992905","0.0236658006907","0.0237546004355","593.841003418","237546.0"
"2","Sep 22, 2016","0.0243296008557","0.0253445003182","0.0232430994511","0.0241244006902","603.085021973","241244.0"
"3","Sep 21, 2016","0.0226346999407","0.0252420008183","0.0223146993667","0.0244465991855","611.138977051","244466.0"
"4","Sep 17, 2016","0.024490699172","0.0257165003568","0.024490699172","0.0253669004887","55.5027008057","253669.0"
"5","Sep 16, 2016","0.0300881005824","0.0302331000566","0.0244009997696","0.0246310997754","53.8927993774","246311.0"
"6","Sep 15, 2016","0.0304448008537","0.0310721993446","0.0298209004104","0.0301389992237","81.0138015747","301390.0"
"7","Sep 10, 2016","0.0605975016952","0.0629922002554","0.0604140013456","0.0609233006835","3.04616999626","609233.0"
"8","Sep 09, 2016","0.0626894980669","0.0637051984668","0.060109898448","0.0608870983124","3.04435992241","608871.0"
"9","Sep 08, 2016","0.0324192009866","0.063676096499","0.032227601856","0.0627842992544","3.13920998573","627843.0"
"10","Sep 07, 2016","0.0331722982228","0.0345884002745","0.032194301486","0.0324201993644","32.4202003479","324202.0"
"11","Sep 06, 2016","0.0315431989729","0.0406095981598","0.0299705993384","0.0332041010261","33.2041015625","332041.0"
"12","Sep 05, 2016","0.0315858982503","0.0319176986814","0.0308082997799","0.0315243005753","18.9146003723","315243.0"
"13","Sep 03, 2016","0.066932298243","0.0671463981271","0.0657171010971","0.0661393031478","7.93671989441","661393.0"
"14","Sep 02, 2016","0.0692346021533","0.0692738965154","0.0664820969105","0.0666830986738","8.00197029114","666831.0"
"15","Sep 01, 2016","0.0689402967691","0.069909401238","0.0669741034508","0.0692003965378","8.30405044556","692004.0"
"16","Aug 31, 2016","0.0717177018523","0.0719387978315","0.0671579986811","0.0689226016402","6.82333993912","689226.0"
"17","Aug 30, 2016","0.0687439963222","0.0805194973946","0.0669184997678","0.0743293017149","13.3793001175","743293.0"
"18","Aug 29, 2016","0.0663312971592","0.0682725012302","0.0637584030628","0.0682725012302","12.2890996933","682725.0"
"19","Aug 28, 2016","0.0672238022089","0.0675282031298","0.065846003592","0.0661097019911","11.8997001648","661097.0"
"20","Aug 20, 2016","0.041306398809","0.0422675982118","0.0395262017846","0.0422618985176","9.80475997925","422619.0"
"21","Aug 19, 2016","0.0422435998917","0.0428703017533","0.0407325997949","0.0412685982883","9.57431983948","412686.0"
"22","Aug 18, 2016","0.0420668981969","0.0422087013721","0.0416771993041","0.0421316996217","9.77455997467","421317.0"
"23","Aug 14, 2016","0.0439481996","0.0439481996","0.0423173010349","0.0435067005455","13.0520000458","435067.0"
"24","Aug 13, 2016","0.0450153015554","0.0457045994699","0.043150100857","0.043944299221","13.1833000183","439443.0"
"25","Aug 12, 2016","0.0454885996878","0.0460322983563","0.0446659997106","0.0448863990605","50.2727012634","448864.0"
"26","Aug 11, 2016","0.0475285984576","0.0476595014334","0.0446132011712","0.0455075986683","9.10151958466","455076.0"
"27","Aug 10, 2016","0.0474593006074","0.0500266999006","0.0465897992253","0.0477023012936","238.511001587","477023.0"
"28","Aug 09, 2016","0.0483690984547","0.0484992004931","0.0464918017387","0.047689601779","238.447998047","476896.0"
"29","Aug 04, 2016","0.038662198931","0.0404547005892","0.038398899138","0.0401218011975","0.0401218011975","401218.0"
"30","Aug 03, 2016","0.0361382998526","0.041468501091","0.0358470007777","0.0387168005109","0.0387168005109","387168.0"
"31","Aug 02, 2016","0.0401111990213","0.0413599014282","0.0342441983521","0.0356370992959","0.0356370992959","356371.0"
"32","Jul 29, 2016","0.0387546010315","0.0404108986259","0.0386445000768","0.0398629009724","4.02615976334","398629.0"
"33","Jul 28, 2016","0.0385940000415","0.0402530990541","0.0384512990713","0.0386415012181","3.90279006958","386415.0"
"34","Jul 27, 2016","0.039510499686","0.0399622991681","0.0385640002787","0.0385681986809","3.89538002014","385682.0"
"35","Jul 24, 2016","0.0722396969795","0.073768697679","0.0626147016883","0.0663694962859","94.3774032593","663695.0"
"36","Jul 23, 2016","0.0615207999945","0.0751715004444","0.0612637996674","0.0730397030711","103.862998962","730397.0"
"37","Jul 22, 2016","0.0569519996643","0.0620732009411","0.0557878017426","0.0620732009411","106.952003479","620732.0"
"38","Jul 21, 2016","0.0561119988561","0.0575269013643","0.0559356994927","0.0569557994604","28.4209003448","569558.0"
"39","Jul 20, 2016","0.05814050138","0.0602810010314","0.0574722997844","0.05985429883","6.58397006989","598543.0"
"40","Jul 19, 2016","0.0333218984306","0.0605060011148","0.0317296981812","0.0581430010498","6.39573001862","581430.0"
"41","Jul 18, 2016","0.033184401691","0.0338753014803","0.0314700007439","0.0333307012916","159.820999146","333307.0"
"42","Jul 17, 2016","0.0348002016544","0.0351029001176","0.0312073007226","0.033168900758","857.583007812","331689.0"
"43","Jul 16, 2016","0.0375191010535","0.0377339981496","0.0341495014727","0.0348307006061","0.0348307006061","348307.0"
"44","Jul 15, 2016","0.0492857992649","0.0514803007245","0.037504401058","0.037504401058","187.522003174","375044.0"
"45","Jul 14, 2016","0.0580038018525","0.0630336031318","0.0474519990385","0.0486740991473","200.440002441","486741.0"
"46","Jul 13, 2016","0.0538534000516","0.0621000006795","0.0485036000609","0.0578808002174","789.377990723","578808.0"
"47","Jul 12, 2016","0.0577922016382","0.0632250979543","0.0508606992662","0.0541520006955","379.063995361","541520.0"
"48","Jul 11, 2016","0.048648301512","0.0561540015042","0.0483722984791","0.0561540015042","119.04699707","561540.0"
"49","Jul 07, 2016","0.0379026010633","0.0379651002586","0.0307864993811","0.0314448997378","92.1336975098","314449.0"
"50","Jul 06, 2016","0.0359922014177","0.0390849001706","0.0356618985534","0.03798269853","111.289001465","379827.0"
"51","Jul 05, 2016","0.0397555008531","0.0398828014731","0.0361088998616","0.0361088998616","105.799003601","361089.0"
"52","Jul 04, 2016","0.0374777987599","0.0398700013757","0.0363507010043","0.0396861992776","23.8117008209","396862.0"
"53","Jul 03, 2016","0.0405584983528","0.0412351004779","0.0361992008984","0.0375578999519","13.408200264","375579.0"
"54","Jul 02, 2016","0.0355829000473","0.0431917011738","0.0337236002088","0.0406320989132","14.5057001114","406321.0"
"55","Jul 01, 2016","0.039439201355","0.0433582998812","0.0340824984014","0.035593200475","35.5932998657","355932.0"
"56","Jun 30, 2016","0.0419624000788","0.0427241995931","0.0359718985856","0.0392488017678","39.2487983704","392488.0"
"57","Jun 29, 2016","0.0439861007035","0.0495642013848","0.0358058996499","0.0415650010109","41.5649986267","415650.0"
"58","Jun 28, 2016","0.0471720993519","0.0478183999658","0.0418674983084","0.0438803993165","172.406005859","438804.0"
"59","Jun 26, 2016","0.0601087994874","0.0791931971908","0.0587796010077","0.0729919970036","21.897600174","729920.0"
"60","Jun 25, 2016","0.0436104014516","0.0595716014504","0.0435851998627","0.0595716014504","17.8715000153","595716.0"
"61","Jun 24, 2016","0.0388613007963","0.0458780005574","0.0378006994724","0.0435863994062","15.5602998734","435864.0"
"62","Jun 23, 2016","0.0351140983403","0.039103500545","0.0312213990837","0.0388269983232","97.8827972412","388270.0"
"63","Jun 22, 2016","0.0399301983416","0.0448148995638","0.033985901624","0.0346212014556","127.09400177","346212.0"
"64","Jun 21, 2016","0.041252899915","0.0491880998015","0.034566000104","0.0399539992213","146.671005249","399540.0"
"65","Jun 20, 2016","0.0479674004018","0.0486400015652","0.036680098623","0.0412812009454","27.4519996643","412812.0"
"66","Jun 19, 2016","0.0406486988068","0.0507812984288","0.038771700114","0.0463558994234","441.07699585","463559.0"
"67","Jun 18, 2016","0.0323982015252","0.041262101382","0.0319245010614","0.0406524986029","10.1631002426","406525.0"
"68","Jun 17, 2016","0.0305617991835","0.0328215993941","0.0289335008711","0.0324059017003","40.5074005127","324059.0"
"69","Jun 16, 2016","0.0378573015332","0.0390216000378","0.0295195002109","0.030537199229","106.879997253","305372.0"
"70","Jun 15, 2016","0.0395809002221","0.0411798991263","0.0382921993732","0.0383034981787","134.445007324","383035.0"
"71","Jun 14, 2016","0.0299734994769","0.0406956002116","0.0294503998011","0.0391118004918","133.761993408","391118.0"
"72","Jun 13, 2016","0.0310536008328","0.0324059985578","0.0292364992201","0.0300095994025","2031.61999512","300096.0"
"73","Jun 12, 2016","0.0295404996723","0.0321547985077","0.0285969004035","0.0310274008662","1841.26000977","310274.0"
"74","Jun 11, 2016","0.0210909992456","0.0294870007783","0.0205760002136","0.0294272005558","50.5265007019","294272.0"
"75","Jun 10, 2016","0.0198724009097","0.0219164006412","0.0196167007089","0.0210945997387","1049.77001953","210946.0"
"76","Jun 09, 2016","0.0174972005188","0.0202000997961","0.0116684995592","0.0198989007622","4.9747300148","198989.0"
"77","Jun 08, 2016","0.0140715995803","0.0176212992519","0.0137341003865","0.0175065007061","131.001998901","175065.0"
"78","Jun 07, 2016","0.0124811995775","0.0140661997721","0.0120451003313","0.0140624996275","307.869995117","140625.0"
"79","Jun 06, 2016","0.0144461998716","0.0148419002071","0.0139950998127","0.0142785999924","47.1478996277","142786.0"
"80","Jun 05, 2016","0.0141655001789","0.0152369998395","0.0140059003606","0.0144058996812","47.5682983398","144059.0"
"81","Jun 04, 2016","0.0141663998365","0.0143227996305","0.0120818000287","0.0141580998898","141.580993652","141581.0"
"82","Jun 03, 2016","0.0123586002737","0.015416700393","0.0120687000453","0.0141570996493","2.05277991295","141571.0"
"83","Jun 02, 2016","0.0115770995617","0.0127934999764","0.011501500383","0.0123493000865","1.22257995605","123493.0"
"84","Jun 01, 2016","0.0111456001177","0.0114353997633","0.0105296997353","0.0114150997251","0.228301003575","114151.0"
"85","May 31, 2016","0.0103372996673","0.0131575996056","0.0103356000036","0.0111461998895","0.222923994064","111462.0"
"86","May 30, 2016","0.0111111002043","0.011114500463","0.0103454999626","0.0103454999626","10.6557998657","103455.0"
"87","May 29, 2016","0.0100625995547","0.0112587995827","0.0100221000612","0.0110301999375","0.110302001238","110302.0"
"88","May 28, 2016","0.0100779002532","0.01066370029","0.00957510992885","0.0101004000753","0.0101004000753","101004.0"
"89","May 27, 2016","0.00969509966671","0.0103984000161","0.00969509966671","0.0100664002821","22.1460990906","100664.0"
"90","May 26, 2016","0.00986669957638","0.0102693000808","0.00961695984006","0.00969391968101","21.3265991211","96939.2"
"91","May 25, 2016","0.0108345001936","0.0108535001054","0.00934735964984","0.00985602010041","3.94240999222","98560.2"
"92","May 24, 2016","0.0107958000153","0.0108700003475","0.0107185002416","0.0108369998634","4.33478021622","108370.0"
"93","May 23, 2016","0.0120395002887","0.0120395002887","0.0115243997425","0.0117920003831","27.935300827","117920.0"
"94","May 22, 2016","0.012330500409","0.0124792996794","0.0119725996628","0.0120104001835","28.4526004791","120104.0"
"95","May 21, 2016","0.0123260002583","0.0123760001734","0.0121352002025","0.0122763998806","29.0828990936","122764.0"
"96","May 18, 2016","0.0094385901466","0.00980028044432","0.00937527045608","0.00973965972662","13.9277000427","97396.6"
"97","May 17, 2016","0.009445999749","0.00954249035567","0.0091992802918","0.00944190006703","13.5018997192","94419.0"
"98","May 16, 2016","0.0129915997386","0.0132168997079","0.0094316098839","0.00944794993848","13.51060009","94479.5"
"99","May 15, 2016","0.0131516996771","0.0131612000987","0.0128744002432","0.012993699871","3.50831007957","129937.0"
"100","May 14, 2016","0.0130901997909","0.0133130997419","0.0130404001102","0.0132723003626","1.32722997665","132723.0"
"101","May 13, 2016","0.0135338995606","0.0136542003602","0.0129599999636","0.0130909001455","1.30909001827","130909.0"
"102","May 12, 2016","0.0135541995987","0.0135952001438","0.0133153004572","0.0135327996686","1.35327994823","135328.0"
"103","May 10, 2016","0.00834137015045","0.0084168901667","0.0082955500111","0.00834481976926","0.917930006981","83448.2"
"104","May 09, 2016","0.00843788962811","0.0084787895903","0.00830907002091","0.00834123045206","0.917535007","83412.3"
"105","May 08, 2016","0.00844703987241","0.00860807020217","0.00831976998597","0.00843926984817","0.928318977356","84392.7"
"106","May 06, 2016","0.0074489498511","0.00764644006267","0.00734802987427","0.00755704008043","1.51140999794","75570.4"
"107","May 05, 2016","0.00704408995807","0.00752882007509","0.00699912989512","0.00744913006201","1.48983001709","74491.3"
"108","May 04, 2016","0.00704389018938","0.00709176016971","0.00693215988576","0.00704440986738","8.45330047607","70444.1"
"109","May 02, 2016","0.0143870003521","0.0144309001043","0.0143577996641","0.0144044999033","1.44044995308","144045.0"
"110","May 01, 2016","0.014487599954","0.0148689001799","0.0142297996208","0.0143743995577","1.43744003773","143744.0"
"111","Apr 30, 2016","0.00726332981139","0.0150186996907","0.00723724020645","0.0144870998338","1.44870996475","144871.0"
"112","Apr 29, 2016","0.0108816996217","0.0114730000496","0.00724845984951","0.00726085994393","20.5410003662","72608.6"
"113","Apr 28, 2016","0.0136449001729","0.0138589004055","0.0105777001008","0.0108824996278","62.7047996521","108825.0"
"114","Apr 27, 2016","0.0140302004293","0.0141992997378","0.0135091999546","0.0136340996251","10.7708997726","136341.0"
"115","Apr 26, 2016","0.0180290993303","0.0181351006031","0.0138793997467","0.0140294004232","18.0979003906","140294.0"
"116","Apr 25, 2016","0.0141327995807","0.0180459991097","0.0140171004459","0.0178932994604","1.78934001923","178933.0"
"117","Apr 24, 2016","0.0141856996343","0.0144979003817","0.0140067003667","0.0141271995381","1.41271996498","141272.0"
"118","Apr 23, 2016","0.017460199073","0.0180751997977","0.0141524001956","0.0141524001956","1.41524004936","141524.0"
"119","Apr 22, 2016","0.0176785998046","0.0179149992764","0.0172594003379","0.0174650996923","0.0174650996923","174651.0"
"120","Apr 21, 2016","0.0178024992347","0.0178130995482","0.0176311992109","0.0177264008671","0.0177264008671","177264.0"
"121","Apr 20, 2016","0.0183017998934","0.018371000886","0.017815399915","0.0178574994206","0.714302003384","178575.0"
"122","Apr 19, 2016","0.0178938992321","0.0183955002576","0.0175890997052","0.0182961001992","0.731845021248","182961.0"
"123","Apr 18, 2016","0.0145881995559","0.018127899617","0.0144691001624","0.0179162006825","0.716647028923","179162.0"
"124","Apr 17, 2016","0.0139584997669","0.0147952996194","0.0137178003788","0.0145768998191","2.91536998749","145769.0"
"125","Apr 16, 2016","0.0140947001055","0.0141313001513","0.0136893000454","0.0139269996434","92.5727996826","139270.0"
"126","Apr 15, 2016","0.0140675995499","0.0144929001108","0.0140212001279","0.0140976998955","0.211465001106","140977.0"
"127","Apr 14, 2016","0.0138870002702","0.0144405001774","0.0137299997732","0.0140225999057","0.210338994861","140226.0"
"128","Apr 13, 2016","0.0142529997975","0.0142529997975","0.0132547998801","0.0137723004445","0.0137723004445","137723.0"
"129","Apr 11, 2016","0.0150400996208","0.0151687003672","0.0147300995886","0.0147441001609","5.89765977859","147441.0"
"130","Apr 10, 2016","0.015625199303","0.0157447997481","0.0144301000983","0.0150368995965","6.01475000381","150369.0"
"131","Apr 09, 2016","0.0162917003036","0.0162917003036","0.0151767004281","0.0156126003712","6.24503993988","156126.0"
"132","Apr 08, 2016","0.0189596991986","0.01900799945","0.0159367006272","0.0162902008742","48.8704986572","162902.0"
"133","Apr 07, 2016","0.01905070059","0.0191437005997","0.0187417007983","0.0189284998924","14.953499794","189285.0"
"134","Apr 06, 2016","0.0162121001631","0.0191718004644","0.0120898000896","0.0190443005413","19.0443000793","190443.0"
"135","Apr 05, 2016","0.0125197004527","0.0164621006697","0.0122902998701","0.0162239000201","88.4364013672","162239.0"
"136","Apr 04, 2016","0.012583100237","0.0125933997333","0.0125013003126","0.012554500252","1.88317000866","125545.0"
"137","Apr 03, 2016","0.0163160003722","0.0164618995041","0.0161687005311","0.0161953996867","0.40488499403","161954.0"
"138","Apr 02, 2016","0.0156609006226","0.016475699842","0.0154098998755","0.0163138005883","0.407846003771","163138.0"
"139","Apr 01, 2016","0.0160534996539","0.0160534996539","0.0152657004073","0.0156589001417","0.391472011805","156589.0"
"140","Mar 31, 2016","0.0157807003707","0.0159511007369","0.0154096996412","0.0159299001098","0.398247987032","159299.0"
"141","Mar 30, 2016","0.0160214006901","0.0161605998874","0.0149207003415","0.0157651007175","0.394127994776","157651.0"
"142","Mar 29, 2016","0.0155127998441","0.0166411995888","0.0152754997835","0.0161185991019","0.402965009212","161186.0"
"143","Mar 28, 2016","0.010142499581","0.0102604003623","0.0100218998268","0.0102583998814","9.23252010345","102584.0"
"144","Mar 27, 2016","0.0102559998631","0.0104876002297","0.00990257039666","0.0101423002779","9.12806034088","101423.0"
"145","Mar 26, 2016","0.0102760000154","0.0104425000027","0.00993494037539","0.0103185996413","9.28670024872","103186.0"
"146","Mar 25, 2016","0.0102511998266","0.0103467004374","0.0100004002452","0.0102613996714","10.2614002228","102614.0"
"147","Mar 24, 2016","0.0104609997943","0.0107401004061","0.0101987002417","0.0103559000418","10.3558998108","103559.0"
"148","Mar 22, 2016","0.0151463998482","0.0156035004184","0.0151463998482","0.0152773996815","114.581001282","152774.0"
"149","Mar 21, 2016","0.0153208002448","0.0153612000868","0.0149458004162","0.0151546001434","113.660003662","151546.0"
"150","Mar 20, 2016","0.0139627996832","0.0152542004362","0.0138037996367","0.0152182001621","114.136001587","152182.0"
"151","Mar 19, 2016","0.0140872998163","0.0148544004187","0.0137967998162","0.0139250997454","1357.31994629","139251.0"
"152","Mar 18, 2016","0.0145487999544","0.0147946001962","0.0138633996248","0.0138670001179","1.23415994644","138670.0"
"153","Mar 17, 2016","0.0145637001842","0.0154715999961","0.014444200322","0.0145493000746","20.3253993988","145493.0"
"154","Mar 16, 2016","0.0148325003684","0.0148537997156","0.0141334002838","0.0145086999983","0.145087003708","145087.0"
"155","Mar 15, 2016","0.00937312003225","0.015363600105","0.00937312003225","0.0148353995755","20.9771995544","148354.0"
"156","Mar 14, 2016","0.00993110984564","0.010037000291","0.00926329009235","0.00936365034431","52.4552001953","93636.5"
"157","Mar 13, 2016","0.00988920964301","0.0100811002776","0.00978245027363","0.00993696041405","65.6037979126","99369.6"
"158","Mar 12, 2016","0.00949061010033","0.0095636099577","0.00944678019732","0.00945108011365","286.765014648","94510.8"
"159","Mar 11, 2016","0.00948403030634","0.00989320036024","0.00879454985261","0.00949276983738","288.029998779","94927.7"
"160","Mar 10, 2016","0.0145127996802","0.015343000181","0.00956561043859","0.00957100000232","328.734985352","95710.0"
"161","Mar 09, 2016","0.0153409997001","0.015466099605","0.0138814998791","0.0150819998235","10.6176996231","150820.0"
"162","Mar 08, 2016","0.0131291002035","0.0161899998784","0.0130104003474","0.0153422001749","10.8009004593","153422.0"
"163","Mar 07, 2016","0.00888205040246","0.0133098000661","0.00873653963208","0.0131358001381","56.0110015869","131358.0"
"164","Mar 06, 2016","0.0120563004166","0.0123113002628","0.00739330984652","0.00887820031494","47.471698761","88782.0"
"165","Mar 05, 2016","0.0107610998675","0.013005499728","0.01039760001","0.0119712995365","120.226997375","119713.0"
"166","Mar 04, 2016","0.0110430996865","0.0110430996865","0.0107143996283","0.0107682002708","36.8810997009","107682.0"
"167","Mar 03, 2016","0.00744700012729","0.00756980013102","0.00738481013104","0.00745197013021","2.90627002716","74519.7"
"168","Mar 02, 2016","0.00774466013536","0.00791533011943","0.00735122989863","0.0074594700709","2.9091899395","74594.7"
"169","Mar 01, 2016","0.0122961997986","0.0125059997663","0.00763098010793","0.00774182006717","31.3544006348","77418.2"
"170","Feb 29, 2016","0.0126088997349","0.0128592001274","0.0119348000735","0.0123044997454","9.22836971283","123045.0"
"171","Feb 28, 2016","0.00740682985634","0.0129212001339","0.00737447012216","0.0124743999913","9.35583972931","124744.0"
"172","Feb 27, 2016","0.0088713997975","0.00911126006395","0.00833453983068","0.00910936016589","7.92513990402","91093.6"
"173","Feb 26, 2016","0.00917525961995","0.00927754025906","0.00892710965127","0.00899919960648","7.82929992676","89992.0"
"174","Feb 25, 2016","0.00967734958977","0.00969594996423","0.00836392957717","0.00916330982","7.97208023071","91633.1"
"175","Feb 24, 2016","0.00929800979793","0.0097333798185","0.00911254994571","0.00964192021638","10.1625995636","96419.2"
"176","Feb 23, 2016","0.00967777986079","0.00990656018257","0.00912624970078","0.00932087004185","8.81754016876","93208.7"
"177","Feb 22, 2016","0.00908195972443","0.0091923000291","0.00861360970885","0.00867990031838","16.1273002625","86799.0"
"178","Feb 21, 2016","0.0140409003943","0.0142820999026","0.00900586973876","0.00907437968999","9.07437992096","90743.8"
"179","Feb 20, 2016","0.0141366999596","0.0141995996237","0.0138160996139","0.0140353003517","46.7795982361","140353.0"
"180","Feb 19, 2016","0.0138558996841","0.0141144003719","0.0134255997837","0.0134380003437","0.0403138995171","134380.0"
"181","Feb 18, 2016","0.0126270996407","0.0139218000695","0.0122889997438","0.0138363000005","0.0415089987218","138363.0"
"182","Feb 17, 2016","0.0130353001878","0.0137970000505","0.012628200464","0.012628200464","3.82632994652","126282.0"
"183","Feb 16, 2016","0.0132272001356","0.0135278999805","0.0129554001614","0.013046500273","39.8438987732","130465.0"
"184","Feb 15, 2016","0.0147211002186","0.0147649003193","0.0132365999743","0.0132381999865","11.4510002136","132382.0"
"185","Feb 14, 2016","0.01369899977","0.0149849001318","0.01369899977","0.0146554000676","100.61000061","146554.0"
"186","Feb 13, 2016","0.0142048997805","0.0142075000331","0.0133859999478","0.0136844003573","98.5274963379","136844.0"
"187","Feb 12, 2016","0.0124650001526","0.0142753003165","0.0124035002664","0.0142753003165","206.992004395","142753.0"
"188","Feb 11, 2016","0.0114646004513","0.0130860004574","0.011441799812","0.0124537004158","2.49074006081","124537.0"
"189","Feb 10, 2016","0.013907100074","0.0141021003947","0.0114101003855","0.0114638004452","11.1820001602","114638.0"
"190","Feb 09, 2016","0.00573180988431","0.0143240997568","0.00572932977229","0.0140123004094","42.5564002991","140123.0"
"191","Feb 08, 2016","0.0125179998577","0.0161934997886","0.00573009019718","0.00573113001883","54.3022994995","57311.3"
"192","Feb 07, 2016","0.0177491996437","0.0178325008601","0.0124450996518","0.0125142000616","30.2042007446","125142.0"
"193","Feb 06, 2016","0.0149445002899","0.0178101994097","0.0143036004156","0.0177471991628","46.4417991638","177472.0"
"194","Feb 05, 2016","0.0155186997727","0.0155186997727","0.0147428000346","0.0149450004101","15.2947998047","149450.0"
"195","Feb 04, 2016","0.0185449998826","0.0187200997025","0.0141102997586","0.0155154997483","138.098007202","155155.0"
"196","Feb 03, 2016","0.018634499982","0.0333187989891","0.0113112004474","0.018365200609","113.259002686","183652.0"
"197","Feb 02, 2016","0.0126951001585","0.123765997589","0.00583076989278","0.018634300679","6342.06005859","186343.0"
"198","Feb 01, 2016","0.0135374004021","0.0138058997691","0.0126250004396","0.0126911997795","0.314408987761","126912.0"
"199","Jan 31, 2016","0.0137446001172","0.0140399001539","0.0134452003986","0.0135147999972","0.797370970249","135148.0"
"200","Jan 30, 2016","0.014166300185","0.0152062000707","0.0113671999425","0.0137352002785","1.40715003014","137352.0"
"201","Jan 29, 2016","0.0147868003696","0.0147868003696","0.0124982995912","0.0141618996859","5.11246013641","141619.0"
"202","Jan 28, 2016","0.0145127000287","0.0155055997893","0.0135305998847","0.0147759998217","5.33413982391","147760.0"
"203","Jan 27, 2016","0.0140322996303","0.0192703008652","0.0140183996409","0.0155208995566","20.5837993622","155209.0"
"204","Jan 26, 2016","0.0048291599378","0.0144710000604","0.00449649989605","0.0140324002132","4.35140991211","140324.0"
"205","Jan 25, 2016","0.012448400259","0.0148761002347","0.00479661021382","0.00483082979918","37.0733985901","48308.3"
"206","Jan 24, 2016","0.0133683998138","0.0139137003571","0.0120446998626","0.0124525995925","6.10175991058","124526.0"
"207","Jan 23, 2016","0.0122840004042","0.0135278999805","0.0117507996038","0.0133776003495","2.92968988419","133776.0"
"208","Jan 22, 2016","0.0135287996382","0.013619299978","0.0112877003849","0.0121002998203","0.242007002234","121003.0"
"209","Jan 21, 2016","0.0144990999252","0.0145277995616","0.013389499858","0.0134912999347","0.935845971107","134913.0"
"210","Jan 19, 2016","0.0127202998847","0.013073399663","0.0087504601106","0.00880653038621","0.439444988966","88065.3"
"211","Jan 18, 2016","0.0139790000394","0.0140306996182","0.0124311000109","0.0124372998253","3.676019907","124373.0"
"212","Jan 17, 2016","0.013369999826","0.0144931999967","0.0131131997332","0.0139816999435","3.49542999268","139817.0"
"213","Jan 16, 2016","0.0128314998001","0.0134741999209","0.0126580996439","0.0133757004514","0.668781995773","133757.0"
"214","Jan 15, 2016","0.0135933998972","0.0135933998972","0.0122184995562","0.0123640997335","0.388294011354","123641.0"
"215","Jan 14, 2016","0.0127074001357","0.0136591996998","0.00985482987016","0.0135952001438","8.18387031555","135952.0"
"216","Jan 13, 2016","0.0108684999868","0.014701699838","0.0106915999204","0.0127071999013","0.207379996777","127072.0"
"217","Jan 12, 2016","0.0132213002071","0.0132213002071","0.0108674997464","0.0108674997464","0.543376028538","108675.0"
"218","Jan 11, 2016","0.0134904999286","0.0134942000732","0.0130888996646","0.0132221998647","6.95253992081","132222.0"
"219","Jan 08, 2016","0.011221700348","0.0113249002025","0.00984891038388","0.0101600000635","39.1972999573","101600.0"
"220","Jan 07, 2016","0.0111039001495","0.011584199965","0.0110473996028","0.0112290000543","53.9824981689","112290.0"
"221","Jan 06, 2016","0.0102481003851","0.0111210998148","0.00996209960431","0.0111060999334","48.8866004944","111061.0"
"222","Jan 05, 2016","0.0120513997972","0.0128662995994","0.0101400995627","0.0102497003973","2.6854300499","102497.0"
"223","Jan 04, 2016","0.0120895998552","0.0123731000349","0.0115460995585","0.0120938997716","49.970199585","120939.0"
"224","Jan 03, 2016","0.0132101997733","0.0135361002758","0.0120101002976","0.0120807001367","76.1082992554","120807.0"
"225","Jan 02, 2016","0.0152104003355","0.0152708999813","0.0151375001296","0.0151580004022","0.0432925000787","151580.0"
"226","Jan 01, 2016","0.0161301996559","0.0167478993535","0.0151514997706","0.0151976998895","0.0434059984982","151977.0"
"227","Dec 31, 2015","0.0159267000854","0.0163624007255","0.015379300341","0.0161292999983","1.1290500164","161293.0"
"228","Dec 30, 2015","0.016546100378","0.0177068002522","0.0158463008702","0.0159348994493","1.26622998714","159349.0"
"229","Dec 29, 2015","0.0153916003183","0.0168350990862","0.0152959004045","0.016528500244","0.661140978336","165285.0"
"230","Dec 28, 2015","0.0117795998231","0.0126048000529","0.0117421997711","0.0123354997486","30.8386001587","123355.0"
"231","Dec 27, 2015","0.0116635998711","0.0122510995716","0.0112484004349","0.0119121000171","29.7803001404","119121.0"
"232","Dec 26, 2015","0.0127213001251","0.0129602998495","0.0115096000955","0.011668600142","97.8713989258","116686.0"
"233","Dec 25, 2015","0.0118051003665","0.0127339996397","0.0116296997294","0.0127159999683","40.4253005981","127160.0"
"234","Dec 20, 2015","0.0135124996305","0.0135252997279","0.0110339997336","0.0112314997241","4.49257993698","112315.0"
"235","Dec 19, 2015","0.0120805995539","0.013513199985","0.0119687998667","0.0135078998283","22.8999996185","135079.0"
"236","Dec 18, 2015","0.0124936001375","0.0133544998243","0.0120650995523","0.0120815997943","12.0816001892","120816.0"
"237","Dec 17, 2015","0.0128231998533","0.0156638994813","0.0121536999941","0.0124845998362","241.427993774","124846.0"
"238","Dec 16, 2015","0.0132023999467","0.0139332003891","0.0126833999529","0.0128205996007","82.8210983276","128206.0"
"239","Dec 15, 2015","0.0143336001784","0.0148141002283","0.0128913996741","0.0131927998737","89.8694992065","131928.0"
"240","Dec 14, 2015","0.0147780003026","0.0149367004633","0.0142860002816","0.0143157001585","14.3156995773","143157.0"
"241","Dec 13, 2015","0.0149576002732","0.0151842003688","0.0147161995992","0.0147920995951","14.7920999527","147921.0"
"242","Dec 11, 2015","0.0145329004154","0.0145329004154","0.0145329004154","0.0145329004154","15.3322000504","145329.0"
"243","Dec 10, 2015","0.0148371001706","0.0150798000395","0.0143210003152","0.0145030003041","15.3006000519","145030.0"
"244","Dec 09, 2015","0.0143833002076","0.015448000282","0.0140896001831","0.0154162002727","16.2640991211","154162.0"
"245","Dec 08, 2015","0.0153625998646","0.0153937004507","0.0135124996305","0.0144499000162","15.244600296","144499.0"
"246","Dec 07, 2015","0.0173089001328","0.0176107995212","0.0151912001893","0.0153684001416","0.24621899426","153684.0"
"247","Dec 06, 2015","0.0158804003149","0.0176896005869","0.0155937001109","0.0173821002245","0.0173821002245","173821.0"
"248","Dec 05, 2015","0.0123619996011","0.0162876993418","0.0123292002827","0.0158869996667","61.0856018066","158870.0"
"249","Dec 04, 2015","0.0119174998254","0.0124345002696","0.0118357995525","0.0123490002006","1.35838997364","123490.0"
"250","Dec 03, 2015","0.0117295002565","0.0119540002197","0.0116248996928","0.0119129996747","1.31042003632","119130.0"
"251","Dec 01, 2015","0.012100700289","0.0122034000233","0.0115307001397","0.0119556998834","0.0358670018613","119557.0"
"252","Nov 30, 2015","0.0127223003656","0.0172042008489","0.0115718999878","0.012090000324","0.0362701006234","120900.0"
"253","Nov 29, 2015","0.013063300401","0.01312149968","0.0122269997373","0.0127170998603","71.216003418","127171.0"
"254","Nov 28, 2015","0.0122629003599","0.0123140998185","0.0120619004592","0.0121924998239","10.4062995911","121925.0"
"255","Nov 27, 2015","0.0171245001256","0.0171245001256","0.0122728003189","0.0122760999948","10.4776000977","122761.0"
"256","Nov 26, 2015","0.0120056997985","0.017255300656","0.0118961995468","0.0172032006085","67.5395965576","172032.0"
"257","Nov 25, 2015","0.0113348001614","0.012292499654","0.0111298998818","0.0120078995824","54.302898407","120079.0"
"258","Nov 24, 2015","0.0154037000611","0.0154267000034","0.0148320002481","0.014898000285","1.1918400526","148980.0"
"259","Nov 23, 2015","0.0157507993281","0.0158859994262","0.0151658998802","0.0153590999544","1.22871994972","153591.0"
"260","Nov 22, 2015","0.0164471007884","0.0164863001555","0.0156967993826","0.0157274994999","1.2582000494","157275.0"
"261","Nov 21, 2015","0.00986800994724","0.0167194008827","0.00966984033585","0.0164321996272","34.5077018738","164322.0"
"262","Nov 20, 2015","0.0168315004557","0.0168574992567","0.0097348196432","0.00979375001043","0.00979375001043","97937.5"
"263","Nov 19, 2015","0.0137360002846","0.0171268992126","0.0112976999953","0.0168427992612","67.5639038086","168428.0"
"264","Nov 18, 2015","0.0136304004118","0.013876600191","0.0136304004118","0.0137144997716","137.268005371","137145.0"
"265","Nov 17, 2015","0.0148838004097","0.0152257997543","0.0148326000199","0.0150683997199","1.61707997322","150684.0"
"266","Nov 16, 2015","0.0148820001632","0.0148820001632","0.0148818995804","0.0148818995804","1.59706997871","148819.0"
"267","Nov 12, 2015","0.0184000991285","0.0216070991009","0.0182782001793","0.0199414994568","19.9414997101","199415.0"
"268","Nov 11, 2015","0.0192654002458","0.0193697009236","0.0171723999083","0.0183895993978","22.2213993073","183896.0"
"269","Nov 10, 2015","0.0140607999638","0.0196329001337","0.0136711997911","0.0192130003124","19.2919998169","192130.0"
"270","Nov 09, 2015","0.0135164996609","0.0163995008916","0.0130978999659","0.0140992002562","20.9655990601","140992.0"
"271","Nov 08, 2015","0.0156724005938","0.0160351004452","0.0134164998308","0.0134872002527","96.0018005371","134872.0"
"272","Nov 06, 2015","0.0169741008431","0.0172182004899","0.0158370994031","0.0161511991173","0.0484536997974","161512.0"
"273","Nov 05, 2015","0.0185049008578","0.0201145000756","0.0167984999716","0.0169929005206","0.0509787984192","169929.0"
"274","Nov 04, 2015","0.0198724996299","0.0226843003184","0.0171143002808","0.0183860007674","2.61452007294","183860.0"
"275","Nov 03, 2015","0.0221565999091","0.0232868995517","0.0176369007677","0.0197854992002","83.6612014771","197855.0"
"276","Nov 02, 2015","0.0218790005893","0.0272369999439","0.0211485996842","0.0221507009119","865.481018066","221507.0"
"277","Nov 01, 2015","0.0207272004336","0.0223747007549","0.0207272004336","0.0219599995762","10.6944999695","219600.0"
"278","Oct 31, 2015","0.0223587993532","0.0226025991142","0.0197305995971","0.0206607002765","30.7224998474","206607.0"
"279","Oct 30, 2015","0.0224927999079","0.0232632998377","0.0213460996747","0.0217345003039","21.734500885","217345.0"
"280","Oct 29, 2015","0.02120009996","0.0228803995997","0.0198615007102","0.0224881004542","18.4354991913","224881.0"
"281","Oct 28, 2015","0.0206330008805","0.0213792007416","0.0200833007693","0.0212114993483","36.4290008545","212115.0"
"282","Oct 27, 2015","0.0202536005527","0.0231663994491","0.0197688993067","0.020634200424","48.1262016296","206342.0"
"283","Oct 26, 2015","0.0202223006636","0.0203876998276","0.0186976008117","0.020190499723","20.1905002594","201905.0"
"284","Oct 25, 2015","0.0269869994372","0.0270987004042","0.0178973004222","0.0201920997351","60.5764007568","201921.0"
"285","Oct 24, 2015","0.0266781002283","0.0269757993519","0.0257270000875","0.02697510086","0.269751012325","269751.0"
"286","Oct 23, 2015","0.0283727999777","0.0287366006523","0.0277219992131","0.0279460009187","4.24779987335","279460.0"
"287","Oct 22, 2015","0.0256622992456","0.0285467002541","0.0256622992456","0.0281614009291","4.28052997589","281614.0"
"288","Oct 21, 2015","0.0234673991799","0.0265139006078","0.0234546996653","0.0256747994572","13.8712997437","256748.0"
"289","Oct 20, 2015","0.0239049997181","0.0244756992906","0.0228735990822","0.0234616994858","12.0809001923","234617.0"
"290","Oct 19, 2015","0.0246603004634","0.0250406004488","0.0240067001432","0.0243564993143","0.243564993143","243565.0"
"291","Oct 18, 2015","0.0255619995296","0.025671299547","0.0242081005126","0.0242580994964","0.242580994964","242581.0"
"292","Oct 17, 2015","0.0252318996936","0.0259355008602","0.0240180008113","0.0255805999041","33.0318984985","255806.0"
"293","Oct 16, 2015","0.0251509007066","0.0266498997808","0.024203799665","0.0252555999905","5.05112981796","252556.0"
"294","Oct 15, 2015","0.0262039005756","0.0269355997443","0.0250959005207","0.0251011997461","27.3665008545","251012.0"
"295","Oct 14, 2015","0.0266150999814","0.0270750001073","0.0251331999898","0.0261810999364","29.3005008698","261811.0"
"296","Oct 13, 2015","0.0267361998558","0.0271742008626","0.0253676008433","0.0265848003328","13.8388996124","265848.0"
"297","Oct 12, 2015","0.0277846008539","0.0280731990933","0.0266005005687","0.0267197005451","21.200799942","267197.0"
"298","Oct 11, 2015","0.0287792999297","0.0296004991978","0.0274560004473","0.0277897994965","306.092987061","277898.0"
"299","Oct 10, 2015","0.0285374000669","0.0289315003902","0.0264801997691","0.028784699738","0.575694024563","287847.0"
"300","Oct 09, 2015","0.0285820998251","0.0290284007788","0.0285130999982","0.0285426992923","115.942001343","285427.0"
"301","Oct 08, 2015","0.0289730001241","0.0290485993028","0.0267092995346","0.0286111999303","105.286003113","286112.0"
"302","Oct 07, 2015","0.0277642998844","0.0292662996799","0.0277334004641","0.0289226993918","59.0023002625","289227.0"
"303","Oct 06, 2015","0.0279575008899","0.0283122994006","0.0270659998059","0.0277437008917","5.90939998627","277437.0"
"304","Oct 05, 2015","0.0276494007558","0.0291528999805","0.0274723991752","0.0278158001602","30.9034004211","278158.0"
"305","Oct 04, 2015","0.0294661000371","0.0294904001057","0.0269655995071","0.0276421997696","28.6373996735","276422.0"
"306","Oct 03, 2015","0.028796499595","0.0295307002962","0.0285630002618","0.0294787995517","151.539993286","294788.0"
"307","Oct 02, 2015","0.0289923995733","0.0293930005282","0.0270473007113","0.0287887006998","27.7523002625","287887.0"
"308","Oct 01, 2015","0.0275430008769","0.029403699562","0.0270444005728","0.0289999004453","1.18900001049","289999.0"
"309","Sep 30, 2015","0.029220899567","0.029729699716","0.0274340994656","0.0274950992316","33.1846008301","274951.0"
"310","Sep 29, 2015","0.0307624991983","0.0309529993683","0.0279310997576","0.0292127002031","28.6284999847","292127.0"
"311","Sep 28, 2015","0.0328164994717","0.0330278985202","0.0307678002864","0.0309072006494","30.9071998596","309072.0"
"312","Sep 27, 2015","0.0326792001724","0.0328648015857","0.0317897982895","0.0328144989908","0.0328144989908","328145.0"
"313","Sep 26, 2015","0.0300476998091","0.0315106995404","0.0295461006463","0.0314255990088","0.31425601244","314256.0"
"314","Sep 25, 2015","0.0318646989763","0.0320113003254","0.0294691994786","0.0301092006266","0.301091998816","301092.0"
"315","Sep 24, 2015","0.0321805998683","0.0326304994524","0.0313822999597","0.0316922999918","8.55692005157","316923.0"
"316","Sep 23, 2015","0.0302278008312","0.0325880013406","0.0299424994737","0.031668599695","7.91714000702","316686.0"
"317","Sep 22, 2015","0.0307691991329","0.0308793000877","0.0283378008753","0.0302275996655","7.55689001083","302276.0"
"318","Sep 21, 2015","0.0287443995476","0.0308123994619","0.0280504003167","0.0307557005435","0.307556986809","307557.0"
"319","Sep 20, 2015","0.0424170009792","0.0431462004781","0.0284947007895","0.0286991000175","14.3495998383","286991.0"
"320","Sep 19, 2015","0.0280747003853","0.0424465984106","0.0277887005359","0.0424158982933","3.10453009605","424159.0"
"321","Sep 18, 2015","0.030159400776","0.0308299995959","0.0279479008168","0.0280721001327","10.2182998657","280721.0"
"322","Sep 17, 2015","0.0275206994265","0.0301957000047","0.0275008995086","0.0301408004016","0.30140799284","301408.0"
"323","Sep 16, 2015","0.0277357008308","0.0277759004384","0.0273177996278","0.0275173000991","0.0550347007811","275173.0"
"324","Sep 15, 2015","0.0276910997927","0.0278191007674","0.027672899887","0.027769299224","0.0231480002403","277693.0"
"325","Sep 14, 2015","0.0283169001341","0.0285675004125","0.027674600482","0.0276925992221","0.0230841003358","276926.0"
"326","Sep 13, 2015","0.0275730006397","0.0286973007023","0.0275222994387","0.0283579006791","0.0803093984723","283579.0"
"327","Sep 12, 2015","0.0290456004441","0.0293803997338","0.0275382008404","0.0275692008436","1.54385995865","275692.0"
"328","Sep 11, 2015","0.0312988013029","0.0314141996205","0.0282292999327","0.0290124993771","1.33457005024","290125.0"
"329","Sep 10, 2015","0.0288938004524","0.0313084982336","0.0286874007434","0.0312371999025","25.0209999084","312372.0"
"330","Sep 09, 2015","0.0300351995975","0.0342516005039","0.0282207001001","0.028880899772","10.9746999741","288809.0"
"331","Sep 08, 2015","0.0298181008548","0.0305713005364","0.0295206997544","0.0300356000662","234.57800293","300356.0"
"332","Sep 07, 2015","0.0278549995273","0.0280296001583","0.0277001000941","0.0278906002641","27.8906002045","278906.0"
"333","Sep 06, 2015","0.0261317994446","0.028570799157","0.0260437000543","0.0278485994786","27.8486003876","278486.0"
"334","Sep 05, 2015","0.0286225005984","0.0286759994924","0.0258044991642","0.0260984003544","26.098400116","260984.0"
"335","Sep 04, 2015","0.0275024995208","0.0287576001137","0.0275024995208","0.0286566000432","0.859696984291","286566.0"
"336","Sep 03, 2015","0.0289351008832","0.0290993992239","0.0270425006747","0.0274854991585","82.4563980103","274855.0"
"337","Sep 02, 2015","0.0280961003155","0.0292406994849","0.027853699401","0.028929900378","0.28929901123","289299.0"
"338","Sep 01, 2015","0.0281782001257","0.0283930003643","0.0279951002449","0.0280876997858","0.561753988266","280877.0"
"339","Aug 31, 2015","0.0290019996464","0.0290951002389","0.0285455994308","0.0290951002389","2.90950989723","290951.0"
"340","Aug 30, 2015","0.0382536016405","0.0421308986843","0.0284499991685","0.0289766006172","2.89766001701","289766.0"
"341","Aug 29, 2015","0.0275413002819","0.0383253991604","0.0272733997554","0.0382941998541","45.1150016785","382942.0"
"342","Aug 28, 2015","0.0281924996525","0.0281924996525","0.0246616005898","0.027529200539","295.609008789","275292.0"
"343","Aug 27, 2015","0.0258853007108","0.0284864008427","0.0258853007108","0.0281639005989","39.4460983276","281639.0"
"344","Aug 26, 2015","0.0256395991892","0.0263790003955","0.0254385005683","0.0258837006986","204.662002563","258837.0"
"345","Aug 25, 2015","0.0264408998191","0.027702100575","0.0254188999534","0.0256423000246","202.753997803","256423.0"
"346","Aug 24, 2015","0.0271141007543","0.0274618994445","0.0252295006067","0.026553099975","0.132764995098","265531.0"
"347","Aug 23, 2015","0.0294461995363","0.0296624004841","0.0267574004829","0.0271272007376","31.7388000488","271272.0"
"348","Aug 22, 2015","0.0298896003515","0.0303569994867","0.0286200009286","0.0294227991253","15.4469995499","294228.0"
"349","Aug 21, 2015","0.0281505007297","0.0300025995821","0.0274240002036","0.0298921000212","0.0298921000212","298921.0"
"350","Aug 20, 2015","0.0268898997456","0.0286957006902","0.0268898997456","0.0281568001956","467.937011719","281568.0"
"351","Aug 19, 2015","0.0269405003637","0.0276708994061","0.0265501998365","0.026924399659","25.1788005829","269244.0"
"352","Aug 18, 2015","0.0279936008155","0.0288986992091","0.0269348993897","0.0269348993897","40.4024009705","269349.0"
"353","Aug 17, 2015","0.0304620992392","0.0304857008159","0.0265881996602","0.0280172992498","42.640499115","280173.0"
"354","Aug 16, 2015","0.0316429995","0.0318069010973","0.0288373995572","0.0304505005479","21.3152999878","304505.0"
"355","Aug 15, 2015","0.0377755016088","0.0378377996385","0.0315954983234","0.0315954983234","5.09117984772","315955.0"
"356","Aug 12, 2015","0.0352018997073","0.0352430008352","0.034043200314","0.0349632017314","0.174815997481","349632.0"
"357","Aug 11, 2015","0.0344230011106","0.0349527001381","0.0337686017156","0.0349527001381","0.174762994051","349527.0"
"358","Aug 10, 2015","0.0350566990674","0.0353371985257","0.0344097018242","0.0344236008823","0.172117993236","344236.0"
"359","Aug 09, 2015","0.0371770001948","0.0378182008862","0.0361927002668","0.0366009995341","0.366010010242","366010.0"
"360","Aug 08, 2015","0.0385941006243","0.0393183007836","0.0360900014639","0.0371544994414","0.371544986963","371545.0"
"361","Aug 07, 2015","0.0363935008645","0.0387140996754","0.0357743985951","0.0385012999177","0.385013014078","385013.0"
"362","Aug 06, 2015","0.0364467985928","0.0369574017823","0.0361296981573","0.0364037007093","222.06300354","364037.0"
"363","Aug 05, 2015","0.0370449014008","0.0373270995915","0.0363068990409","0.0364467985928","3.64468002319","364468.0"
"364","Aug 04, 2015","0.0392117984593","0.039323899895","0.0332356989384","0.0371000990272","3.71001005173","371001.0"
"365","Aug 03, 2015","0.0332553014159","0.0398309007287","0.03259890154","0.0392711982131","5.44526004791","392712.0"
"366","Aug 02, 2015","0.0324837006629","0.0333741009235","0.0311839003116","0.033265799284","33.2658004761","332658.0"
"367","Aug 01, 2015","0.038343898952","0.0385627001524","0.0322210006416","0.032576598227","32.5765991211","325766.0"
"368","Jul 31, 2015","0.0364537015557","0.0427450016141","0.032982300967","0.0383348017931","41.3755989075","383348.0"
"369","Jul 30, 2015","0.0630929991603","0.0632096976042","0.036321900785","0.0366896018386","53.099899292","366896.0"
"370","Jul 29, 2015","0.0337246991694","0.0634114965796","0.0328950993717","0.063093200326","0.106659002602","630932.0"
"371","Jul 28, 2015","0.0346594005823","0.0355501994491","0.033340498805","0.0337439998984","67.4880981445","337440.0"
"372","Jul 27, 2015","0.0421412996948","0.0421412996948","0.0346657000482","0.0346657000482","69.3759002686","346657.0"
"373","Jul 26, 2015","0.0447880998254","0.0467346012592","0.0413908995688","0.0421379990876","421.380004883","421380.0"
"374","Jul 25, 2015","0.0456890016794","0.0463546998799","0.0444976016879","0.0447534993291","2.19291996956","447535.0"
"375","Jul 24, 2015","0.0438935011625","0.0456641986966","0.0427731014788","0.0456641986966","2.23754000664","456642.0"
"376","Jul 23, 2015","0.042040001601","0.0438917987049","0.0418348014355","0.0438917987049","2.23848009109","438918.0"
"377","Jul 22, 2015","0.0465470999479","0.0465470999479","0.0419506989419","0.042014401406","39.4934997559","420144.0"
"378","Jul 21, 2015","0.0430177003145","0.0473962984979","0.0423609018326","0.0465922988951","27.9554004669","465923.0"
"379","Jul 20, 2015","0.0474689006805","0.0481472015381","0.0426454991102","0.0429698005319","83.3613967896","429698.0"
"380","Jul 19, 2015","0.0477068983018","0.0484159998596","0.0470978990197","0.047410801053","61.6339988708","474108.0"
"381","Jul 18, 2015","0.0470838993788","0.0486615002155","0.0466924011707","0.047673098743","61.9751014709","476731.0"
"382","Jul 17, 2015","0.0438433997333","0.0477824993432","0.043064199388","0.0472915992141","3.21583008766","472916.0"
"383","Jul 16, 2015","0.045963998884","0.0467975996435","0.039587598294","0.0438432991505","10.858499527","438433.0"
"384","Jul 15, 2015","0.0489178001881","0.0513648018241","0.0442328006029","0.0448792017996","201.957000732","448792.0"
"385","Jul 14, 2015","0.0489590987563","0.050118599087","0.0485114008188","0.0488513000309","226.962997437","488513.0"
"386","Jul 13, 2015","0.0477935001254","0.0494063012302","0.0477935001254","0.049014300108","284.282989502","490143.0"
"387","Jul 12, 2015","0.0557589009404","0.056891001761","0.0531647987664","0.0556426011026","5.56426000595","556426.0"
"388","Jul 11, 2015","0.0563087016344","0.0564877986908","0.0529699996114","0.0557764992118","5.57765007019","557765.0"
"389","Jul 10, 2015","0.0568575002253","0.0613553002477","0.0516925007105","0.0565462000668","5.65462017059","565462.0"
"390","Jul 09, 2015","0.0521853007376","0.0558703988791","0.049237601459","0.0558559000492","3.57477998734","558559.0"
"391","Jul 08, 2015","0.0521937012672","0.0540761984885","0.0506068989635","0.0521923005581","417.539001465","521923.0"
"392","Jul 07, 2015","0.0444715991616","0.0604068003595","0.0443553999066","0.0516528002918","109.29699707","516528.0"
"393","Jul 06, 2015","0.0523810982704","0.0523810982704","0.0444816015661","0.0444868989289","57.3881988525","444869.0"
"394","Jul 05, 2015","0.0510810017586","0.05277049914","0.0462663993239","0.0523742996156","36.6619987488","523743.0"
"395","Jul 04, 2015","0.0476967990398","0.0517568998039","0.0451470017433","0.0510923005641","137.43800354","510923.0"
"396","Jul 03, 2015","0.0474239997566","0.0480430014431","0.046745698899","0.047626901418","166.694000244","476269.0"
"397","Jul 02, 2015","0.0489564016461","0.0497421994805","0.0472601987422","0.047594498843","9.94725036621","475945.0"
"398","Jul 01, 2015","0.0527485013008","0.053343500942","0.0457127988338","0.0489071011543","10.2215995789","489071.0"
"399","Jun 30, 2015","0.0500278994441","0.0536727011204","0.0483157001436","0.0527965016663","89.7013015747","527965.0"
"400","Jun 29, 2015","0.0419160015881","0.0520339012146","0.0418436005712","0.0504341982305","182.621994019","504342.0"
"401","Jun 28, 2015","0.0490354001522","0.0496366992593","0.0419068001211","0.0419120006263","4.69510984421","419120.0"
"402","Jun 27, 2015","0.0488599985838","0.0528104007244","0.0483458004892","0.0489942990243","101.711997986","489943.0"
"403","Jun 26, 2015","0.0513040013611","0.0516892001033","0.04876729846","0.0488491989672","62.6246986389","488492.0"
"404","Jun 25, 2015","0.048189599067","0.0511521995068","0.0459255985916","0.0506150983274","3.03691005707","506151.0"
"405","Jun 24, 2015","0.0519907996058","0.0522596016526","0.0479191988707","0.0482008010149","25.5946006775","482008.0"
"406","Jun 23, 2015","0.0553347989917","0.0553347989917","0.0514132007957","0.0519616007805","0.311769992113","519616.0"
"407","Jun 22, 2015","0.056775201112","0.057274799794","0.0539203993976","0.05533760041","68.618598938","553376.0"
"408","Jun 21, 2015","0.0588933005929","0.0602372996509","0.0547426007688","0.0568001009524","139.93800354","568001.0"
"409","Jun 20, 2015","0.0513673014939","0.0600534006953","0.0505317002535","0.0599833987653","1.13968002796","599834.0"
"410","Jun 19, 2015","0.0566244013608","0.0598375983536","0.0511953011155","0.0513489991426","0.0693700015545","513490.0"
"411","Jun 18, 2015","0.0582441017032","0.0614234991372","0.053549900651","0.0566151998937","56.6152000427","566152.0"
"412","Jun 17, 2015","0.0574165992439","0.0675484985113","0.0550821982324","0.0582304000854","23.2922000885","582304.0"
"413","Jun 16, 2015","0.0485592000186","0.0587491989136","0.0482113994658","0.0583144985139","11.3129997253","583145.0"
"414","Jun 15, 2015","0.0508156009018","0.0522570014","0.0485533997416","0.0486005991697","193.139007568","486006.0"
"415","Jun 14, 2015","0.0490523017943","0.0508424006402","0.046847499907","0.0508221015334","5.08221006393","508221.0"
"416","Jun 13, 2015","0.0425064004958","0.0499139986932","0.0423577986658","0.0490516982973","217.934005737","490517.0"
"417","Jun 12, 2015","0.0420266017318","0.0432588011026","0.0415747985244","0.0424831993878","665.03302002","424832.0"
"418","Jun 11, 2015","0.0375921018422","0.0422887988389","0.037461400032","0.041993599385","54.1717987061","419936.0"
"419","Jun 10, 2015","0.0412148982286","0.0413501001894","0.0369235016406","0.0375938005745","37.4742012024","375938.0"
"420","Jun 09, 2015","0.0412295013666","0.0414572991431","0.0411160998046","0.0411171987653","24.9993000031","411172.0"
"421","Jun 08, 2015","0.040011100471","0.0413341000676","0.0392366982996","0.0412634015083","412.634002686","412634.0"
"422","Jun 07, 2015","0.0432875007391","0.0451943017542","0.0394420996308","0.040121499449","401.214996338","401215.0"
"423","Jun 06, 2015","0.0414355993271","0.0437979996204","0.0406832993031","0.0432916991413","930.770996094","432917.0"
"424","Jun 05, 2015","0.0419184006751","0.0430665016174","0.0406333990395","0.0414262004197","227.843994141","414262.0"
"425","Jun 04, 2015","0.0411643981934","0.0425379984081","0.0410563983023","0.0419445000589","4.19444990158","419445.0"
"426","Jun 03, 2015","0.0378017015755","0.0412332005799","0.0372827015817","0.0412093997002","144.233001709","412094.0"
"427","Jun 02, 2015","0.0403289012611","0.0443251989782","0.0376979000866","0.0377876013517","99.0296020508","377876.0"
"428","Jun 01, 2015","0.0432378016412","0.0442235991359","0.0391223989427","0.0403346009552","6.13114976883","403346.0"
"429","May 31, 2015","0.0411562994123","0.0452102012932","0.0406315997243","0.0432535000145","261.664001465","432535.0"
"430","May 30, 2015","0.0411190018058","0.0414754003286","0.0371058993042","0.0411279983819","1554.75","411280.0"
"431","May 29, 2015","0.0382390990853","0.0427209995687","0.0380714982748","0.0411307998002","1259.55004883","411308.0"
"432","May 28, 2015","0.0403494983912","0.0404349006712","0.0380114987493","0.038053099066","54.7723999023","380531.0"
"433","May 27, 2015","0.0395012013614","0.0412762984633","0.0373823009431","0.0403800010681","23.6627006531","403800.0"
"434","May 26, 2015","0.0387705005705","0.0408199988306","0.0381307005882","0.0395107008517","139.07800293","395107.0"
"435","May 25, 2015","0.0396651998162","0.0401672013104","0.0353556014597","0.0387634001672","5097.49023438","387634.0"
"436","May 24, 2015","0.0397867001593","0.0415146015584","0.0377782993019","0.0399013012648","261.393005371","399013.0"
"437","May 23, 2015","0.039820600301","0.0425936989486","0.0370563007891","0.0398170985281","1278.43005371","398171.0"
"438","May 22, 2015","0.0325012989342","0.0405732989311","0.0319526009262","0.0398936010897","758.236999512","398936.0"
"439","May 21, 2015","0.0293013993651","0.0334242992103","0.0290584005415","0.0321864001453","2559.26000977","321864.0"
"440","May 20, 2015","0.0311820991337","0.0326474010944","0.0292422994971","0.0292766001076","61.3151016235","292766.0"
"441","May 19, 2015","0.0259285997599","0.0323228985071","0.0257304999977","0.0311427991837","412.346008301","311428.0"
"442","May 18, 2015","0.0256005004048","0.0280160997063","0.024806600064","0.0257888995111","90.7050018311","257889.0"
"443","May 17, 2015","0.0261630006135","0.0262954998761","0.0252809002995","0.0257488992065","180.242004395","257489.0"
"444","May 16, 2015","0.0273186992854","0.0280856993049","0.0260573998094","0.0261850003153","53.4174003601","261850.0"
"445","May 15, 2015","0.0255890004337","0.0273960009217","0.0251874998212","0.0273246001452","3.96206998825","273246.0"
"446","May 14, 2015","0.0252618007362","0.0261211004108","0.0252168998122","0.0257405992597","57.0411987305","257406.0"
"447","May 13, 2015","0.0261233001947","0.0262214001268","0.0248664002866","0.0252733994275","8.31494045258","252734.0"
"448","May 12, 2015","0.025213200599","0.0273003000766","0.0244008991867","0.0261528007686","261.528015137","261528.0"
"449","May 11, 2015","0.0244405008852","0.02597389929","0.0236454997212","0.0251889992505","264.735992432","251890.0"
"450","May 10, 2015","0.0262141991407","0.0271844007075","0.024075999856","0.0244306996465","68.3569030762","244307.0"
"451","May 09, 2015","0.0292729996145","0.0294710006565","0.0254257004708","0.0262221992016","486.684997559","262222.0"
"452","May 08, 2015","0.0269820000976","0.029295200482","0.0263877995312","0.029295200482","0.644495010376","292952.0"
"453","May 07, 2015","0.0264219995588","0.0274404995143","0.026067700237","0.0269607007504","109.11000061","269607.0"
"454","May 06, 2015","0.0289348997176","0.0289636999369","0.0263429004699","0.0264247991145","633.612976074","264248.0"
"455","May 05, 2015","0.0278308000416","0.0290153995156","0.0267836004496","0.0289348997176","3.18284010887","289349.0"
"456","May 04, 2015","0.0306573007256","0.0309989992529","0.02744670026","0.0278028007597","11.7049999237","278028.0"
"457","May 03, 2015","0.0300492998213","0.0311008002609","0.029625300318","0.0301307998598","179.759994507","301308.0"
"458","May 02, 2015","0.0271761994809","0.0302274990827","0.0271633993834","0.0300623998046","1035.5300293","300624.0"
"459","May 01, 2015","0.0277206003666","0.0279709994793","0.0267980005592","0.0272170994431","1405.86999512","272171.0"
"460","Apr 30, 2015","0.0263183005154","0.027910599485","0.0261233001947","0.0277085993439","84.2063980103","277086.0"
"461","Apr 29, 2015","0.0266974996775","0.0269652996212","0.0260537993163","0.0261592995375","90.5635986328","261593.0"
"462","Apr 28, 2015","0.0279549993575","0.0280252005905","0.025767499581","0.0267302002758","35.7116012573","267302.0"
"463","Apr 27, 2015","0.0279830992222","0.0290632992983","0.0275212004781","0.0279807001352","55.9612998962","279807.0"
"464","Apr 26, 2015","0.0305454991758","0.0305946990848","0.0265948995948","0.0279348995537","0.33521899581","279349.0"
"465","Apr 25, 2015","0.0306444000453","0.0311127007008","0.0293873995543","0.030572399497","692.679992676","305724.0"
"466","Apr 24, 2015","0.02975329943","0.0306608006358","0.0284844003618","0.0306397005916","1110.17004395","306397.0"
"467","Apr 23, 2015","0.0270863994956","0.0297785997391","0.0270039997995","0.0297785997391","180.54699707","297786.0"
"468","Apr 22, 2015","0.0282786991447","0.0283346995711","0.0270169992","0.0270792003721","67.698097229","270792.0"
"469","Apr 21, 2015","0.0274947006255","0.030316600576","0.0270387995988","0.0282023996115","338.463012695","282024.0"
"470","Apr 20, 2015","0.0270365998149","0.0279677994549","0.0265763998032","0.0274772997946","323.975006104","274773.0"
"471","Apr 19, 2015","0.0285170003772","0.0285950992256","0.0270581003278","0.0270581003278","778.62701416","270581.0"
"472","Apr 18, 2015","0.0288212001324","0.0294776000082","0.0281415991485","0.0285363998264","128.414001465","285364.0"
"473","Apr 17, 2015","0.0274478998035","0.0288699008524","0.0245242994279","0.0288417991251","14.4209003448","288418.0"
"474","Apr 16, 2015","0.0291472002864","0.0306740999222","0.027277899906","0.0274123996496","618.119995117","274124.0"
"475","Apr 15, 2015","0.0292805004865","0.0300178993493","0.027366399765","0.0291185006499","517.609985352","291185.0"
"476","Apr 14, 2015","0.0302118007094","0.0308123994619","0.0281473007053","0.0292451009154","28.6305999756","292451.0"
"477","Apr 13, 2015","0.0321180000901","0.0342727005482","0.0299481991678","0.0302358008921","140.475997925","302358.0"
"478","Apr 12, 2015","0.0312687009573","0.0321973003447","0.0312054008245","0.032102201134","28.3141002655","321022.0"
"479","Apr 11, 2015","0.0315628014505","0.0319467000663","0.0302057992667","0.0312816016376","197.949996948","312816.0"
"480","Apr 10, 2015","0.0309321004897","0.03232299909","0.0300284996629","0.0315411984921","53.1481018066","315412.0"
"481","Apr 09, 2015","0.0324679017067","0.0326480008662","0.0303694996983","0.031008599326","474.559997559","310086.0"
"482","Apr 08, 2015","0.0333741009235","0.0337575003505","0.0319099985063","0.0324461981654","98.2795028687","324462.0"
"483","Apr 07, 2015","0.0332976989448","0.0346636995673","0.0329108983278","0.0334035009146","11.9916000366","334035.0"
"484","Apr 06, 2015","0.0336612984538","0.0342367999256","0.0327090993524","0.0333158001304","26.6525993347","333158.0"
"485","Apr 05, 2015","0.0317777991295","0.0341861993074","0.0311532001942","0.0336222983897","680.447998047","336223.0"
"486","Apr 04, 2015","0.0300894994289","0.03205730021","0.0298561006784","0.0317950993776","193.18699646","317951.0"
"487","Apr 03, 2015","0.0309580992907","0.0321169011295","0.030096899718","0.030096899718","1.7155200243","300969.0"
"488","Apr 02, 2015","0.0293306000531","0.0317023992538","0.0292505994439","0.0309545993805","649.489990234","309546.0"
"489","Apr 01, 2015","0.026743400842","0.0294806994498","0.026352699846","0.0293681994081","21.3460998535","293682.0"
"490","Mar 31, 2015","0.0319342985749","0.0320825986564","0.0268989000469","0.0274125002325","307.019989014","274125.0"
"491","Mar 30, 2015","0.0312054995447","0.0323049016297","0.0309088993818","0.0320014990866","3.64816999435","320015.0"
"492","Mar 29, 2015","0.0324984006584","0.0326029993594","0.0305118001997","0.0313295982778","38.2848014832","313296.0"
"493","Mar 28, 2015","0.0333427004516","0.0337456986308","0.0317343994975","0.0325041003525","0.162520006299","325041.0"
"494","Mar 27, 2015","0.0310216005892","0.0341328009963","0.0310216005892","0.0333430990577","119.834999084","333431.0"
"495","Mar 26, 2015","0.0306848008186","0.0347627997398","0.0303317997605","0.0310185998678","77.9187011719","310186.0"
"496","Mar 25, 2015","0.0304285995662","0.0308976992965","0.0288632009178","0.0307487994432","509.569000244","307488.0"
"497","Mar 24, 2015","0.0330522991717","0.0330733992159","0.0293864998966","0.0304349008948","442.82699585","304349.0"
"498","Mar 23, 2015","0.0347089990973","0.0352149009705","0.0306662991643","0.0329203009605","31.7350997925","329203.0"
"499","Mar 22, 2015","0.0340321995318","0.0365777984262","0.0331404991448","0.0347146987915","453.654998779","347147.0"
"500","Mar 21, 2015","0.0333631001413","0.0343034006655","0.0325993001461","0.0341465994716","76.5906982422","341466.0"
"501","Mar 20, 2015","0.0322762988508","0.0335598997772","0.0317685008049","0.0335598997772","481.920013428","335599.0"
"502","Mar 19, 2015","0.0281192995608","0.034230299294","0.0274243000895","0.0323315002024","81.4753036499","323315.0"
"503","Mar 18, 2015","0.0323827005923","0.0325015000999","0.0272026006132","0.0281466003507","691.963989258","281466.0"
"504","Mar 17, 2015","0.0313747003675","0.0323623009026","0.0289981998503","0.0323623009026","55.3338012695","323623.0"
"505","Mar 16, 2015","0.0292834993452","0.0316145010293","0.0290936008096","0.0313664004207","793.851989746","313664.0"
"506","Mar 15, 2015","0.0320503003895","0.0328230001032","0.0288591999561","0.0292920991778","97.3082962036","292921.0"
"507","Mar 14, 2015","0.032198600471","0.0323815010488","0.0309874005616","0.0322644002736","222.527999878","322644.0"
"508","Mar 13, 2015","0.0308024995029","0.0377902016044","0.0308024995029","0.0322768986225","31.5991001129","322769.0"
"509","Mar 12, 2015","0.0382886007428","0.0388173982501","0.0327721014619","0.0327721014619","288.854003906","327721.0"
"510","Mar 11, 2015","0.0367264002562","0.182210996747","0.0342798009515","0.038284599781","823.807983398","382846.0"
"511","Mar 10, 2015","0.0362855009735","0.0373767018318","0.035548299551","0.0367159992456","259.582000732","367160.0"
"512","Mar 09, 2015","0.0360422991216","0.0378873981535","0.0335385017097","0.0362057983875","10.4996995926","362058.0"
"513","Mar 08, 2015","0.0365579016507","0.0380390994251","0.0353859998286","0.0359000004828","211.055999756","359000.0"
"514","Mar 07, 2015","0.0358585007489","0.0410654991865","0.0324058011174","0.0364837981761","1.85574996471","364838.0"
"515","Mar 06, 2015","0.0344410017133","0.0368878990412","0.0339955985546","0.0358294993639","601.327026367","358295.0"
"516","Mar 05, 2015","0.0336305014789","0.035218000412","0.0319923013449","0.0343312993646","109.447998047","343313.0"
"517","Mar 04, 2015","0.0350634008646","0.0354781001806","0.0333576984704","0.0335841998458","169.231002808","335842.0"
"518","Mar 03, 2015","0.0342383012176","0.0355759002268","0.0307771004736","0.0351496003568","42.5662002563","351496.0"
"519","Mar 02, 2015","0.0334011018276","0.0342305004597","0.0321881994605","0.0342116989195","102.087997437","342117.0"
"520","Mar 01, 2015","0.0328431017697","0.0344710983336","0.032059699297","0.0333186984062","1.66593003273","333187.0"
"521","Feb 28, 2015","0.0311840996146","0.0333650000393","0.0297935009003","0.0328363999724","18.0599994659","328364.0"
"522","Feb 27, 2015","0.0312581993639","0.0331424996257","0.0296087004244","0.0311840996146","80.7667999268","311841.0"
"523","Feb 26, 2015","0.0345873981714","0.0356942005455","0.0310602001846","0.0312080997974","501.57598877","312081.0"
"524","Feb 25, 2015","0.0334370993078","0.0385508984327","0.033353600651","0.0346574001014","245.477996826","346574.0"
"525","Feb 24, 2015","0.0306249000132","0.0351589992642","0.0303655993193","0.0335731990635","219.14100647","335732.0"
"526","Feb 23, 2015","0.0276496000588","0.0354906991124","0.0268157999963","0.0301725007594","241.011993408","301725.0"
"527","Feb 22, 2015","0.027902700007","0.0298151001334","0.0266440007836","0.0276496000588","174.054000854","276496.0"
"528","Feb 21, 2015","0.0284873005003","0.0302533004433","0.0278609003872","0.0278925001621","313.902008057","278925.0"
"529","Feb 20, 2015","0.0279826000333","0.0291281994432","0.0275355000049","0.0285209007561","31.3729000092","285209.0"
"530","Feb 19, 2015","0.0278066005558","0.0297609008849","0.0273841004819","0.0280496999621","89.4785003662","280497.0"
"531","Feb 18, 2015","0.0293140001595","0.030096700415","0.0273975990713","0.027904400602","0.279044002295","279044.0"
"532","Feb 17, 2015","0.0298376008868","0.0313383005559","0.0277740005404","0.029289200902","59.5155982971","292892.0"
"533","Feb 16, 2015","0.0287909004837","0.0303298998624","0.027527699247","0.0299459993839","55.4000015259","299460.0"
"534","Feb 15, 2015","0.0334069989622","0.0336438007653","0.0271821003407","0.0288261007518","43.239200592","288261.0"
"535","Feb 14, 2015","0.0320880003273","0.0338920988142","0.0320807993412","0.0334532000124","163.352005005","334532.0"
"536","Feb 13, 2015","0.0309330001473","0.0328100994229","0.0305719003081","0.0321530997753","16.076499939","321531.0"
"537","Feb 12, 2015","0.0266373995692","0.0313515998423","0.0264177005738","0.0309686008841","154.843002319","309686.0"
"538","Feb 11, 2015","0.0291460007429","0.0295019000769","0.0261387005448","0.0267005991191","10.6801996231","267006.0"
"539","Feb 10, 2015","0.0307767000049","0.0314207002521","0.0267289001495","0.0290917996317","352.447998047","290918.0"
"540","Feb 09, 2015","0.0317476987839","0.0319944992661","0.0304984003305","0.0308421999216","126.824996948","308422.0"
"541","Feb 08, 2015","0.0308842007071","0.0321813002229","0.0289484001696","0.0317049995065","26.5687999725","317050.0"
"542","Feb 07, 2015","0.0279277991503","0.0310840997845","0.0279277991503","0.0309152994305","462.458007812","309153.0"
"543","Feb 06, 2015","0.0269581004977","0.028397699818","0.0265218000859","0.0279296003282","107.222000122","279296.0"
"544","Feb 05, 2015","0.0274513997138","0.0286280997097","0.0260921996087","0.027002999559","238.705993652","270030.0"
"545","Feb 04, 2015","0.0259831994772","0.0276273004711","0.0257034003735","0.0273321997374","16.3992996216","273322.0"
"546","Feb 03, 2015","0.0280099995434","0.0304400008172","0.0256204996258","0.0259150005877","103.608001709","259150.0"
"547","Feb 02, 2015","0.0277034007013","0.0283160004765","0.024386100471","0.0281297992915","763.781005859","281298.0"
"548","Feb 01, 2015","0.0294709000736","0.0303358994424","0.0275778006762","0.0279808007181","641.234985352","279808.0"
"549","Jan 31, 2015","0.0342024005949","0.0347407981753","0.0269047003239","0.0295956991613","347.867004395","295957.0"
"550","Jan 30, 2015","0.034446798265","0.0378932990134","0.0335871018469","0.0339575000107","841.151000977","339575.0"
"551","Jan 29, 2015","0.0385742001235","0.0407611988485","0.0342484004796","0.0345477983356","541.068969727","345478.0"
"552","Jan 28, 2015","0.0379928983748","0.0452449992299","0.0358780995011","0.0388283990324","77.0736999512","388284.0"
"553","Jan 27, 2015","0.043648801744","0.0444758012891","0.0325060002506","0.0380052998662","1219.39001465","380053.0"
"554","Jan 26, 2015","0.0474046990275","0.0521271005273","0.0429998002946","0.0436929985881","873.24597168","436930.0"
"555","Jan 25, 2015","0.049817301333","0.0519172996283","0.0467871017754","0.0473491996527","291.458007812","473492.0"
"556","Jan 24, 2015","0.0436170995235","0.05011279881","0.0432354994118","0.0499982014298","334.615997314","499982.0"
"557","Jan 23, 2015","0.0441486984491","0.0456664003432","0.0419756993651","0.0438363999128","134.35899353","438364.0"
"558","Jan 22, 2015","0.0430179983377","0.0472249016166","0.0427686013281","0.0438424013555","199.522994995","438424.0"
"559","Jan 21, 2015","0.0436385981739","0.0437508001924","0.0398948006332","0.0423801988363","507.782012939","423802.0"
"560","Jan 20, 2015","0.0429660007358","0.0440432988107","0.0407759994268","0.0436277985573","152.740997314","436278.0"
"561","Jan 19, 2015","0.0431841984391","0.0443262010813","0.0412799008191","0.0434352010489","176.17300415","434352.0"
"562","Jan 18, 2015","0.0410800985992","0.0460040010512","0.0405193008482","0.0429571010172","158.539001465","429571.0"
"563","Jan 17, 2015","0.0426749996841","0.0432674996555","0.0396973006427","0.0409624017775","199.897003174","409624.0"
"564","Jan 16, 2015","0.0431476011872","0.0451117008924","0.0410997010767","0.0426915995777","248.169006348","426916.0"
"565","Jan 15, 2015","0.0340734012425","0.0455131009221","0.0340734012425","0.0432337000966","173.136001587","432337.0"
"566","Jan 14, 2015","0.0416239984334","0.044774800539","0.0336220003664","0.0344659984112","29.677400589","344660.0"
"567","Jan 13, 2015","0.0528883002698","0.0531810000539","0.0408867001534","0.0417877994478","1111.89001465","417878.0"
"568","Jan 12, 2015","0.0544838011265","0.0556923002005","0.049825001508","0.0530509985983","2257.42993164","530510.0"
"569","Jan 11, 2015","0.0583523996174","0.0597135983407","0.0529991984367","0.0543959997594","87.0335006714","543960.0"
"570","Jan 10, 2015","0.108819998801","0.108819998801","0.0563221983612","0.0583448000252","637.59197998","583448.0"
"571","Jan 09, 2015","0.0590613000095","0.108833000064","0.0568541996181","0.107873998582","279.932006836","1078740.0"
"572","Jan 08, 2015","0.0635960027575","0.06476470083","0.0584482997656","0.0590329989791","200.143997192","590330.0"
"573","Jan 07, 2015","0.0643588006496","0.0655497014523","0.0614935010672","0.0635187029839","656.184020996","635187.0"
"574","Jan 06, 2015","0.0620556995273","0.064871199429","0.0563225001097","0.0642554014921","1080.05004883","642554.0"
"575","Jan 05, 2015","0.059046600014","0.0641677975655","0.059046600014","0.0632172003388","812.846984863","632172.0"
"576","Jan 04, 2015","0.0665372982621","0.0678156018257","0.056012801826","0.0590004995465","199.182006836","590005.0"
"577","Jan 03, 2015","0.075390599668","0.0837815031409","0.0661636963487","0.0664997026324","1270.05004883","664997.0"
"578","Jan 02, 2015","0.0561688989401","0.0774682015181","0.0561103001237","0.0753218978643","3083.82006836","753219.0"
"579","Jan 01, 2015","0.0699037984014","0.0699037984014","0.0561606995761","0.0561992004514","15.5546998978","561992.0"
"580","Dec 31, 2014","0.064669303596","0.0697826966643","0.06227279827","0.0697826966643","353.79800415","697827.0"
"581","Dec 30, 2014","0.0636854991317","0.0658555999398","0.0627224966884","0.0646219998598","474.713012695","646220.0"
"582","Dec 29, 2014","0.0630413964391","0.065516397357","0.0623322017491","0.0639564022422","346.579986572","639564.0"
"583","Dec 28, 2014","0.0586979016662","0.0631584003568","0.0586979016662","0.0626943036914","189.712997437","626943.0"
"584","Dec 27, 2014","0.0629677027464","0.0637044981122","0.0582064986229","0.0585556998849","2034.2800293","585557.0"
"585","Dec 26, 2014","0.0624417997897","0.0661538988352","0.061740398407","0.063250400126","104.615997314","632504.0"
"586","Dec 25, 2014","0.0655144974589","0.0674661025405","0.0620611011982","0.0624243989587","363.222991943","624244.0"
"587","Dec 24, 2014","0.0643996968865","0.0687913969159","0.0528087988496","0.0655416995287","1239.38000488","655417.0"
"588","Dec 23, 2014","0.064636901021","0.0660997033119","0.0590131990612","0.0645587965846","4471.85986328","645588.0"
"589","Dec 22, 2014","0.0627152994275","0.0665279999375","0.0610725991428","0.0646207034588","3839.37988281","646207.0"
"590","Dec 21, 2014","0.0666963011026","0.0680691972375","0.0599757991731","0.0627392008901","537.020019531","627392.0"
"591","Dec 20, 2014","0.0595230981708","0.0683266967535","0.0578658990562","0.0667643025517","14651.2001953","667643.0"
"592","Dec 19, 2014","0.0559918992221","0.0592616014183","0.0543997995555","0.057113699615","4084.11010742","571137.0"
"593","Dec 18, 2014","0.0561964996159","0.0581329017878","0.0530814006925","0.0560074001551","8947.12988281","560074.0"
"594","Dec 17, 2014","0.0588387995958","0.061137098819","0.0548188015819","0.0561030991375","3597.88989258","561031.0"
"595","Dec 16, 2014","0.0630811974406","0.0637423023582","0.0589220002294","0.0589220002294","3456.7199707","589220.0"
"596","Dec 15, 2014","0.0647542029619","0.0687023997307","0.0617229007185","0.0630273967981","1796.63000488","630274.0"
"597","Dec 14, 2014","0.0656775012612","0.0661792978644","0.0616065002978","0.0647808015347","79.6803970337","647808.0"
"598","Dec 13, 2014","0.0643346011639","0.0665652006865","0.0632529035211","0.0657986998558","1545.73999023","657987.0"
"599","Dec 12, 2014","0.069626301527","0.069626301527","0.0621641986072","0.062681697309","3544.17993164","626817.0"
"600","Dec 11, 2014","0.0669192001224","0.069626301527","0.0616214983165","0.069626301527","2062.33007812","696263.0"
"601","Dec 10, 2014","0.0659191012383","0.0685331001878","0.0638319030404","0.0672222003341","3804.23999023","672222.0"
"602","Dec 09, 2014","0.0689115971327","0.0695819035172","0.061370998621","0.065934702754","435.959991455","659347.0"
"603","Dec 08, 2014","0.0676224008203","0.073308698833","0.0637734979391","0.0681568980217","1226.89001465","681569.0"
"604","Dec 07, 2014","0.0587032996118","0.077028401196","0.0504531003535","0.0676494017243","13516.5","676494.0"
"605","Dec 06, 2014","0.0668563991785","0.0715786963701","0.0490587987006","0.0583485998213","120.433998108","583486.0"
"606","Dec 05, 2014","0.0488830991089","0.0671349987388","0.0478274002671","0.0668736994267","0.994360029697","668737.0"
"607","Dec 04, 2014","0.0629270002246","0.0644844025373","0.0488416999578","0.0490727983415","147.610992432","490728.0"
"608","Dec 03, 2014","0.0535596981645","0.065084002912","0.0527845993638","0.06296300143","144.43699646","629630.0"
"609","Dec 02, 2014","0.0665941983461","0.0679176002741","0.0528419986367","0.0535103008151","1273.54003906","535103.0"
"610","Dec 01, 2014","0.0657636001706","0.066972002387","0.059677798301","0.0665939003229","925.521972656","665939.0"
"611","Nov 30, 2014","0.0596855990589","0.0677047967911","0.0588941983879","0.064978800714","1100.86999512","649788.0"
"612","Nov 29, 2014","0.0588091984391","0.06978289783","0.057559799403","0.0601386018097","624.719970703","601386.0"
"613","Nov 28, 2014","0.0580434985459","0.0605520009995","0.0570245012641","0.0588730014861","45.096698761","588730.0"
"614","Nov 27, 2014","0.0584683008492","0.0594219006598","0.0533871017396","0.0580888986588","690.29901123","580889.0"
"615","Nov 26, 2014","0.0605504997075","0.060780800879","0.0570448003709","0.0581354014575","151.151992798","581354.0"
"616","Nov 25, 2014","0.0553710013628","0.0662797987461","0.0553710013628","0.0602196007967","3051.55004883","602196.0"
"617","Nov 24, 2014","0.0530239008367","0.0569830015302","0.0527053996921","0.0554139986634","220.929992676","554140.0"
"618","Nov 23, 2014","0.050283100456","0.0538938008249","0.0499778017402","0.0531871989369","5.26553010941","531872.0"
"619","Nov 22, 2014","0.0519127994776","0.0519127994776","0.0492679998279","0.0502560995519","251.430999756","502561.0"
"620","Nov 21, 2014","0.0557001009583","0.0704338997602","0.0499252006412","0.0513381995261","47.231098175","513382.0"
"621","Nov 20, 2014","0.0514471009374","0.0527938008308","0.044452201575","0.0519270002842","35.7057991028","519270.0"
"622","Nov 19, 2014","0.0562403015792","0.0619369000196","0.0504418984056","0.0514800995588","0.566281020641","514801.0"
"623","Nov 18, 2014","0.0682383999228","0.0713993012905","0.0561640001833","0.0563859008253","81.272102356","563859.0"
"624","Nov 17, 2014","0.0495694987476","0.0682203993201","0.0490049012005","0.0681691020727","55.2944984436","681691.0"
"625","Nov 16, 2014","0.0493674986064","0.050770200789","0.0481803007424","0.0495120994747","23.7658004761","495121.0"
"626","Nov 15, 2014","0.052034098655","0.0527925007045","0.0466408990324","0.0492819994688","494.225006104","492820.0"
"627","Nov 14, 2014","0.0525836013258","0.0565186999738","0.0485658012331","0.0517936982214","4.03198003769","517937.0"
"628","Nov 13, 2014","0.0646610036492","0.0676411017776","0.0491878017783","0.0528682991862","884.164001465","528683.0"
"629","Nov 12, 2014","0.053717199713","0.064962297678","0.053717199713","0.0641975030303","894.781005859","641975.0"
"630","Nov 11, 2014","0.0495092011988","0.0540288984776","0.0486506000161","0.0536754988134","620.835998535","536755.0"
"631","Nov 10, 2014","0.0535276010633","0.0535276010633","0.0466483011842","0.0496597997844","90.493598938","496598.0"
"632","Nov 09, 2014","0.0512397997081","0.0540192984045","0.0448992997408","0.0537238009274","114.142997742","537238.0"
"633","Nov 08, 2014","0.0454103983939","0.0519475005567","0.0452946983278","0.0512848012149","3.93215990067","512848.0"
"634","Nov 07, 2014","0.0468268990517","0.0473828017712","0.0446416996419","0.0454434007406","132.92199707","454434.0"
"635","Nov 06, 2014","0.0500566996634","0.0544870011508","0.0449008010328","0.0468102991581","759.591003418","468103.0"
"636","Nov 05, 2014","0.0480840988457","0.0506694987416","0.0480582006276","0.0500607006252","4.20510005951","500607.0"
"637","Nov 04, 2014","0.0482778996229","0.0490908995271","0.0476289987564","0.0480060018599","26.7392997742","480060.0"
"638","Nov 03, 2014","0.04664779827","0.0488349013031","0.0434476993978","0.0483873002231","34.5000991821","483873.0"
"639","Nov 02, 2014","0.0438366010785","0.0469922982156","0.0380777008832","0.0468486994505","487.226013184","468487.0"
"640","Nov 01, 2014","0.0480576008558","0.0488553009927","0.0417652018368","0.0438496991992","4.85089015961","438497.0"
"641","Oct 31, 2014","0.046493601054","0.0483838990331","0.0384617000818","0.0481414012611","1534.54003906","481414.0"
"642","Oct 30, 2014","0.0496267005801","0.0504354014993","0.0455004014075","0.0465232990682","1066.72998047","465233.0"
"643","Oct 29, 2014","0.0532577000558","0.0537045001984","0.0465953014791","0.0497450008988","732.793029785","497450.0"
"644","Oct 28, 2014","0.0521817989647","0.0558031983674","0.0476346984506","0.053352098912","1193.42004395","533521.0"
"645","Oct 27, 2014","0.0573654994369","0.0573654994369","0.0515501014888","0.0519675984979","463.861999512","519676.0"
"646","Oct 26, 2014","0.0483937002718","0.058419700712","0.0476578995585","0.0574281997979","940.218994141","574282.0"
"647","Oct 25, 2014","0.0595878995955","0.0597779005766","0.0473060011864","0.0483651012182","7057.10009766","483651.0"
"648","Oct 24, 2014","0.0582990981638","0.0627567023039","0.057755600661","0.0595596991479","151.860992432","595597.0"
"649","Oct 23, 2014","0.0636904016137","0.0735118016601","0.0581086017191","0.0583212003112","241.011993408","583212.0"
"650","Oct 22, 2014","0.063861399889","0.0721284002066","0.0620214007795","0.0637871026993","2707.76000977","637871.0"
"651","Oct 21, 2014","0.0673791021109","0.0721196979284","0.0629552006721","0.0637909993529","623.812011719","637910.0"
"652","Oct 20, 2014","0.0589305981994","0.0680043026805","0.0432613007724","0.0672883987427","7055.52001953","672884.0"
"653","Oct 19, 2014","0.0732932984829","0.0802211016417","0.0507814995944","0.0589854009449","2334.08007812","589854.0"
"654","Oct 18, 2014","0.072344198823","0.0757019966841","0.0680641978979","0.0733506008983","141.43699646","733506.0"
"655","Oct 17, 2014","0.0653325021267","0.0762403979897","0.0517169013619","0.0723740011454","464.157012939","723740.0"
"656","Oct 16, 2014","0.0729689002037","0.0743404999375","0.0652007982135","0.0652434006333","571.505004883","652434.0"
"657","Oct 15, 2014","0.0886081010103","0.0887219011784","0.0696161985397","0.0728368014097","1920.56005859","728368.0"
"658","Oct 14, 2014","0.0847359970212","0.0891370996833","0.0703188031912","0.0886574015021","4693.83984375","886574.0"
"659","Oct 13, 2014","0.0861750021577","0.0934986025095","0.0768240988255","0.0843971967697","1392.69995117","843972.0"
"660","Oct 12, 2014","0.0890429988503","0.0905058979988","0.0853016972542","0.0862423032522","98.4888000488","862423.0"
"661","Oct 11, 2014","0.0890225023031","0.0935845971107","0.0864562988281","0.0889953970909","520.604980469","889954.0"
"662","Oct 10, 2014","0.0923348963261","0.101342998445","0.0851717963815","0.0891842022538","104.34400177","891842.0"
"663","Oct 09, 2014","0.0931636020541","0.10367500037","0.0855918005109","0.092332996428","1004.70001221","923330.0"
"664","Oct 08, 2014","0.0946206972003","0.101859003305","0.0915953963995","0.0932494029403","1136.17004395","932494.0"
"665","Oct 07, 2014","0.0922152996063","0.0975875034928","0.0776000991464","0.0947742983699","1475.58996582","947743.0"
"666","Oct 06, 2014","0.0952140018344","0.102902002633","0.0848120003939","0.0913878008723","4573.91992188","913878.0"
"667","Oct 05, 2014","0.0975017994642","0.101299002767","0.087326399982","0.0953651964664","1444.11999512","953652.0"
"668","Oct 04, 2014","0.117838002741","0.1192080006","0.0902547985315","0.0975219011307","1904.11999512","975219.0"
"669","Oct 03, 2014","0.114343002439","0.117664001882","0.0968078002334","0.117664001882","258.12701416","1176640.0"
"670","Oct 02, 2014","0.109872996807","0.123939998448","0.106280997396","0.115608997643","2127.97998047","1156090.0"
"671","Oct 01, 2014","0.133195996284","0.135693997145","0.10760500282","0.110855996609","1645.72998047","1108560.0"
"672","Sep 30, 2014","0.132765993476","0.135868996382","0.109999001026","0.133033007383","3765.59008789","1330330.0"
"673","Sep 29, 2014","0.140788003802","0.146742001176","0.13192500174","0.132491007447","1075.14001465","1324910.0"
"674","Sep 28, 2014","0.142208993435","0.145776003599","0.12932600081","0.140826001763","6008.77978516","1408260.0"
"675","Sep 27, 2014","0.149975001812","0.157970994711","0.140825003386","0.141224995255","742.732971191","1412250.0"
"676","Sep 26, 2014","0.139996007085","0.151500999928","0.139269992709","0.149988994002","723.46697998","1499890.0"
"677","Sep 25, 2014","0.157143995166","0.157143995166","0.116232000291","0.140200003982","2772.84008789","1402000.0"
"678","Sep 24, 2014","0.1627510041","0.163967996836","0.147674992681","0.157297000289","2907.95996094","1572970.0"
"679","Sep 23, 2014","0.158325001597","0.169532999396","0.136825993657","0.162618994713","11895.0","1626190.0"
"680","Sep 22, 2014","0.148859992623","0.165317997336","0.14049500227","0.158133998513","3100.08007812","1581340.0"
"681","Sep 21, 2014","0.146056994796","0.149488002062","0.137721002102","0.148744001985","6357.74023438","1487440.0"
"682","Sep 20, 2014","0.145052999258","0.157661005855","0.136932000518","0.146381005645","13159.0996094","1463810.0"
"683","Sep 19, 2014","0.138240993023","0.165985003114","0.133768007159","0.145612999797","11904.7998047","1456130.0"
"684","Sep 18, 2014","0.12704500556","0.137435004115","0.114260002971","0.136546000838","14811.5","1365460.0"
"685","Sep 17, 2014","0.121615000069","0.127213001251","0.106450997293","0.12714600563","5149.24023438","1271460.0"
"686","Sep 16, 2014","0.115461997688","0.125178992748","0.115240000188","0.121468000114","1370.60998535","1214680.0"
"687","Sep 15, 2014","0.121154002845","0.122350998223","0.113955996931","0.115520000458","1539.06994629","1155200.0"
"688","Sep 14, 2014","0.123632997274","0.13294300437","0.112464003265","0.120700001717","1191.44995117","1207000.0"
"689","Sep 13, 2014","0.132290005684","0.136388003826","0.121250003576","0.123515002429","1957.15002441","1235150.0"
"690","Sep 12, 2014","0.12500500679","0.141674995422","0.122625999153","0.132157996297","7034.37011719","1321580.0"
"691","Sep 11, 2014","0.124880999327","0.130502998829","0.116212002933","0.125146999955","10793.0","1251470.0"
"692","Sep 10, 2014","0.100054003298","0.124973997474","0.0987218022346","0.124242000282","9175.94042969","1242420.0"
"693","Sep 09, 2014","0.0805447995663","0.101801998913","0.077944599092","0.100059002638","2992.87011719","1000590.0"
"694","Sep 08, 2014","0.0873600021005","0.101155996323","0.0804701000452","0.0805210024118","1572.07995605","805210.0"
"695","Sep 07, 2014","0.0980392023921","0.103326998651","0.0845296010375","0.0872382000089","1601.56994629","872382.0"
"696","Sep 06, 2014","0.0768190026283","0.102771997452","0.070597499609","0.0977405980229","8870.51953125","977406.0"
"697","Sep 05, 2014","0.0643559992313","0.0798956006765","0.061717800796","0.0717175975442","2470.35009766","717176.0"
"698","Sep 04, 2014","0.0569811016321","0.0649591013789","0.0551683008671","0.0643346980214","774.552001953","643347.0"
"699","Sep 03, 2014","0.0554560981691","0.0618547014892","0.0554560981691","0.0570007003844","1997.5300293","570007.0"
"700","Sep 02, 2014","0.0574603006244","0.0591870993376","0.0532905012369","0.0555151998997","1484.2800293","555152.0"
"701","Sep 01, 2014","0.0555545017123","0.0575006008148","0.0513482987881","0.0574062988162","2159.64990234","574063.0"
"702","Aug 31, 2014","0.0525138005614","0.0583731010556","0.0499374009669","0.0555827990174","1986.5","555828.0"
"703","Aug 30, 2014","0.054595399648","0.060447499156","0.0511629991233","0.0527736991644","853.187011719","527737.0"
"704","Aug 29, 2014","0.055582601577","0.0564021989703","0.0484553985298","0.0545680001378","748.705993652","545680.0"
"705","Aug 28, 2014","0.0595640018582","0.0609246008098","0.0554879009724","0.055759601295","633.317993164","557596.0"
"706","Aug 27, 2014","0.0577642992139","0.061681099236","0.054943498224","0.059594001621","2084.17993164","595940.0"
"707","Aug 26, 2014","0.0592380017042","0.060966398567","0.0556712001562","0.057559799403","911.58001709","575598.0"
"708","Aug 25, 2014","0.0618683993816","0.0632487982512","0.0527592003345","0.053180899471","1724.59997559","531809.0"
"709","Aug 24, 2014","0.0449834987521","0.063047401607","0.0448265001178","0.0618980005383","3639.67993164","618980.0"
"710","Aug 23, 2014","0.0646689012647","0.0646689012647","0.0439263992012","0.0449654012918","149.430999756","449654.0"
"711","Aug 22, 2014","0.0487640015781","0.0651943013072","0.0454121008515","0.0647455006838","243.485992432","647455.0"
"712","Aug 21, 2014","0.056465100497","0.0572124011815","0.0445095002651","0.0486615002155","244.729995728","486615.0"
"713","Aug 20, 2014","0.059936799109","0.060297600925","0.0526174008846","0.0566285997629","57.1870002747","566286.0"
"714","Aug 19, 2014","0.0614737011492","0.0674996003509","0.0587186999619","0.0600290000439","181.647994995","600290.0"
"715","Aug 18, 2014","0.0686025992036","0.0711453035474","0.0599547997117","0.0614710003138","1060.31994629","614710.0"
"716","Aug 17, 2014","0.0473538003862","0.0703272968531","0.04622489959","0.0686367973685","1386.68994141","686368.0"
"717","Aug 16, 2014","0.0589501000941","0.0698670968413","0.0473214015365","0.0473701991141","1660.0","473702.0"
"718","Aug 15, 2014","0.0709379985929","0.0759051963687","0.0537104010582","0.0588284991682","120.529998779","588285.0"
"719","Aug 14, 2014","0.0739421993494","0.0766540020704","0.0616309009492","0.0706757977605","910.632995605","706758.0"
"720","Aug 13, 2014","0.0702475011349","0.0790703967214","0.0685283988714","0.0738115981221","779.598022461","738116.0"
"721","Aug 12, 2014","0.0495858006179","0.109367996454","0.0489422008395","0.0699919983745","1208.47998047","699920.0"
"722","Aug 11, 2014","0.0887219011784","0.0887556001544","0.0493740998209","0.0495733991265","7.59472990036","495734.0"
"723","Aug 10, 2014","0.117344997823","0.118399001658","0.0884110033512","0.0886887013912","71.2054977417","886887.0"
"724","Aug 09, 2014","0.0957371965051","0.117686003447","0.0883494019508","0.11738499999","143.279006958","1173850.0"
"725","Aug 08, 2014","0.0500544011593","0.113372996449","0.0500472001731","0.0957544967532","46.882598877","957545.0"
"726","Aug 07, 2014","0.0467717014253","0.0635823011398","0.0462573990226","0.0500538982451","81.6660995483","500539.0"
"727","Aug 06, 2014","0.0422061011195","0.0763790979981","0.0421820990741","0.0467722006142","14.7223997116","467722.0"
"728","Aug 05, 2014","0.0765654966235","0.0766765996814","0.0420728996396","0.0421690009534","172.326004028","421690.0"
"729","Aug 04, 2014","0.111383996904","0.111510999501","0.0758804008365","0.0765357986093","116.258003235","765358.0"
"730","Aug 03, 2014","0.117784000933","0.117835998535","0.0756087005138","0.111466996372","37.5917015076","1114670.0"
"731","Aug 02, 2014","0.0773307979107","0.122776001692","0.0725006014109","0.117871999741","401.019989014","1178720.0"
"732","Aug 01, 2014","0.111372999847","0.111372999847","0.0721054971218","0.0773331001401","57.0135993958","773331.0"
"733","Jul 31, 2014","0.0693323984742","0.111378997564","0.0689831972122","0.111378997564","2.47030997276","1113790.0"
"734","Jul 30, 2014","0.12279599905","0.12279599905","0.0690302997828","0.0693231970072","3.46616005898","693232.0"
"735","Jul 29, 2014","0.0709630027413","0.123561002314","0.0709047988057","0.122791998088","85.68699646","1227920.0"
"736","Jul 28, 2014","0.11882700026","0.118914999068","0.0697067007422","0.0709799006581","1.47997999191","709799.0"
"737","Jul 27, 2014","0.112594000995","0.119586996734","0.112515002489","0.118770003319","549.104003906","1187700.0"
"738","Jul 26, 2014","0.110683999956","0.118952997029","0.110527999699","0.112621001899","160.339996338","1126210.0"
"739","Jul 25, 2014","0.105259001255","0.110696002841","0.0180475004017","0.11060000211","336.662994385","1106000.0"
"740","Jul 24, 2014","0.123824998736","0.123984999955","0.089699998498","0.105296999216","59.9668998718","1052970.0"
"741","Jul 23, 2014","0.0999014005065","0.151690006256","0.0999014005065","0.12380900234","296.838989258","1238090.0"
